flight_id,avg_tas,avg_wind_u,avg_wind_v,climb_rate_mean,climb_rate_max,descent_rate_mean,descent_rate_min,max_crz_alt,adsb_inflight_time,landing_tas,landing_temp,dep_temp,dep_tas,init_climb_rate,time_to_10k,dep_sc,landing_sc,climb_efficiency,climb_in_phases,cruise_in_phases,descent_in_phases,ground_in_phases,mean_crz_alt,crz_tas,crz_wind_u,crz_wind_v,crz_wind_tot,crz_gnd_speed,fuel_efficiency_proxy
257910050,481.1124856533552,29.661183921048515,22.700307305809947,1373.2450331125829,3584.0,-1283.047619047619,-3008.0,1252.0,6.5,138.12530032306844,282.03057758745183,261.43666565510665,155.39444240711038,3541.3333333333335,4.833333333333333,0.000775941102951469,0.006641044094819903,2.987551867219917,1,1,1,0,357.63656716417904,494.9245027590988,29.19801104980331,23.6615718862903,40.45213503945058,528.7902985074627,-33.865795748363894
257915981,376.95894970944045,7.88795675412239,-0.23647306737892357,1424.148805415886,3008.0,-1379.6781609195402,-4032.0,360.5,1.9805555555555556,142.49764775596793,282.6486519025059,270.1472949900249,225.45689809599645,1280.0,4.333333333333333,0.002301403985799606,0.003813998963582769,3.693169361115648,1,1,1,0,360.0869565217391,438.6963988530989,9.341998705870003,0.4656255779225425,9.932215771226335,430.1904536862003,8.505945166898584
257917927,372.2055177836057,42.78311224143715,19.22597077721184,1874.788990825688,3968.0,-1344.4102564102564,-3520.0,360.25,2.0527777777777776,123.5444860383476,281.8497935417047,283.5577424401337,160.31030212316557,2794.6666666666665,4.0,0.007089914602540656,0.005819479075334483,5.003721841332027,1,1,1,0,360.0029761904762,412.6269847300489,58.20641947423303,23.600674576738925,63.58877188077186,382.8142857142857,29.8126990157632
257926114,415.63171505176206,23.882407721020392,11.15940831858973,2230.0582524271845,4480.0,-1184.6666666666667,-2304.0,380.5,2.0833333333333335,125.84298161795518,282.1265874597763,290.0244077006675,171.66219049985327,2069.3333333333335,3.1666666666666665,0.007728033080337758,0.005707437061927665,5.536844642641919,1,1,1,0,371.58991228070175,463.1735469540131,26.82261185170743,14.78609602181886,32.235239896909455,492.73026315789474,-29.55671620388165
257927857,488.375533828393,32.14890289726638,22.995053127509085,1088.3316062176166,3392.0,-1299.8620689655172,-3712.0,390.25,6.8,104.62238061284647,281.8984841710491,255.76423219826518,217.46020679106638,1578.6666666666667,5.5,0.0005058820561745874,0.005798065525141,2.129634699029717,1,1,1,0,380.20363680154145,500.00121348864553,31.417888145585955,23.707936715688106,41.86074441849811,533.7837186897881,-33.782505201142556
257927953,460.9553325748213,6.6436120801547,17.56518329814445,1426.2251655629138,3520.0,-1302.857142857143,-2560.0,370.25,6.95,143.85274264912616,282.60362206393404,253.2626794965447,79.53760452747855,21.333333333333332,6.333333333333333,0.0005006119583689459,0.006097862340010852,3.9439611757165096,1,1,1,0,369.59245152354566,478.6406206487177,5.651202422404694,19.879913790349775,25.802503212139207,489.69275161588183,-11.052130967164146
257919595,459.4317496993957,23.60360885917156,21.727761149966053,1571.453237410072,4224.0,-1082.4220183486239,-3648.0,941.0,5.75,110.91826400306975,248.63276732681354,267.88576649074776,154.97302066159412,3562.6666666666665,4.5,0.0016180375848510939,0.0006631527604108304,3.3128384014559797,1,1,1,0,379.4540023894863,490.75138245371335,24.557337062847235,20.82937137805582,33.73995133565265,520.8034647550777,-30.05208230136435
257920194,490.42592345889955,34.83645450663119,13.8522103756156,1558.2148760330579,3520.0,-921.1623931623932,-1984.0,370.0,10.3,187.3683565638509,217.11772160965685,289.06015722832547,195.68312752459218,1728.0,5.166666666666667,0.007151352541883015,1.174259048040032e-05,3.578092382434433,1,1,1,0,337.1649178832117,508.33693029230926,37.643124502885456,16.434159682334098,47.67941817381557,542.8223844282238,-34.48545413591455
257911130,465.0118156069425,30.886017361236643,19.06091330592622,1373.3503184713377,3648.0,-1183.3333333333333,-2304.0,390.25,6.816666666666666,102.95501504441042,281.61596342475235,266.2981537853674,156.75070482013,2112.0,5.0,0.0012386358474865782,0.005725839899332583,2.8618300549494307,1,1,1,0,380.9029796511628,486.16422548983417,31.59917821501536,19.260388814389795,39.80049146163536,516.8536821705426,-30.689456680708417
257917831,351.76482863091337,45.07273554968154,-6.302509924743805,1808.1553398058252,4352.0,-1297.8924731182797,-3456.0,380.25,1.7166666666666666,144.43309501305833,281.2067861694527,270.6615143595333,221.49322818788485,2645.3333333333335,4.5,0.003619419554290761,0.005918131173447095,5.690018636766368,1,1,1,0,379.99744897959187,389.6102403243546,56.260459884525076,-9.88205176385946,57.61203879338667,333.06802721088434,56.54221311347027
257922293,366.5356752162181,27.896828644033786,-20.840719953759244,1656.781954887218,3776.0,-1129.2371134020618,-2560.0,380.5,2.963888888888889,121.39559210328429,283.3398868768323,281.59022558850535,148.5183490575801,1493.3333333333333,4.166666666666667,0.0037902733059676052,0.006163419445731801,4.565556108072269,1,1,1,0,365.35079365079366,399.14572928129644,31.27101575779471,-25.675741877096396,41.80729476139222,359.2206349206349,39.92509436066155
257914913,318.4540603841784,39.566600376669804,13.414430259078086,1590.7310344827586,3904.0,-1175.2871287128712,-2496.0,400.25,2.672222222222222,116.92931961999106,219.1244822704563,284.6284843495635,110.60746010897634,960.0,4.5,0.007088010413214166,6.452829292783606e-06,5.060354094907965,1,1,1,0,399.998417721519,392.94294771891555,51.06770659816207,11.325767930223456,53.23601344985179,349.95569620253167,42.98725151638388
257920060,306.2963372981782,24.446381951797505,-5.389846498351308,1694.4466019417475,3200.0,-1104.1975308641975,-2048.0,300.25,1.0666666666666667,97.27901596436858,283.6335306718554,284.6427446082883,123.61172660243936,725.3333333333334,4.666666666666667,0.007096460446237724,0.006683624209101712,4.5978028925946415,1,1,1,0,300.0,430.94862916743733,49.287743265928256,-16.292371786180965,51.93726117260021,429.1666666666667,1.7819625007706463
257923146,339.0300293431161,20.23856269424112,-1.6389809828004762,1548.8,3264.0,-1378.3703703703704,-2688.0,250.0,0.65,127.30201176914862,283.6206629201498,283.448277943733,106.72877365986204,405.3333333333333,4.666666666666667,0.006356815337465486,0.006667895349357958,3.6277326670830727,1,1,1,0,250.0,505.39842046525365,46.71539933090708,-9.453611163429679,47.66249463974605,546.8333333333334,-41.43491286807972
257921253,443.62758202508684,30.625975608948927,-3.7773491402036505,2168.3669724770643,4416.0,-1839.2380952380952,-4288.0,391.0,3.466666666666667,105.5229915956065,266.4403371982451,293.5224363187024,152.0504776258353,3093.3333333333335,3.0,0.00757882765334128,0.001793430356127552,5.230993957904522,1,1,1,0,383.98200197238657,457.7076566441986,34.20635249442721,-5.42958310738532,37.86394261239231,465.68737672583825,-7.979720081639641
257918902,401.4098223424791,33.343652463559344,-3.6926174831625103,1707.3082706766918,4160.0,-1403.8974358974358,-4288.0,380.5,2.1055555555555556,105.99761592151255,282.1473905813447,265.7935849568171,88.0155907770989,554.6666666666666,3.6666666666666665,0.0018693459210962944,0.0057001463878981655,4.514264129937775,1,1,1,0,376.9477777777778,439.9353469250164,41.020398213083034,-5.373599292925681,43.389004066189614,427.5422222222222,12.393124702794182
257917342,468.4993686358535,11.253332787330068,-7.974727257818606,1781.4368932038835,2816.0,-1002.6666666666666,-2304.0,350.25,10.183333333333334,147.3013408695374,218.40895364729107,253.13042354681232,175.09283340834733,1984.0,4.666666666666667,0.0005079096153852422,3.967324063515166e-05,5.009364165005869,1,1,1,0,336.3430580490724,480.779947528649,11.3386330069043,-7.678082685739853,23.845310092580704,492.8156792339916,-12.035731705342585
257916639,471.2103084082694,12.545231869945324,10.064613744176766,1297.655172413793,4352.0,-1266.6666666666667,-3200.0,390.25,7.913888888888889,135.62116305873943,276.0171521504549,253.53803900792667,169.7106653018921,3306.6666666666665,4.166666666666667,0.0005588223148442485,0.0036728403632964243,3.03622623241804,1,1,1,0,372.4132950885668,485.13605640343235,12.619131511278642,12.272176381104183,25.729765944509445,504.1256038647343,-18.989547461301925
257923569,408.31589133154347,14.182843159078292,-7.759267266314678,1826.5430463576158,3392.0,-1382.4,-2816.0,360.5,3.35,131.4671319496645,283.81447989449094,284.38963653180144,158.428325389645,1834.6666666666667,4.5,0.007911813781223336,0.006224430045168778,5.278470474531831,1,1,1,0,360.00717905405406,434.78465174157134,13.438881210306873,-7.799752354643042,21.50118616409113,421.428490990991,13.35616075058033
257927091,386.79433882368704,7.414652101830625,1.7846207397318117,,,-1050.6666666666667,-2176.0,320.5,1.9833333333333334,143.78430783966402,280.00525358903235,223.16553308443542,433.2923080323156,21.333333333333332,,1.1943722575754868e-05,0.003914870897839293,,0,1,1,0,320.1472602739726,429.87730726401077,8.258544874324464,4.24418221825523,11.637125340595622,422.7270058708415,7.150301393169286
257921632,401.32329443306094,5.69194892475162,-23.457243191833214,1383.8110236220473,2816.0,-1466.6666666666667,-4864.0,380.25,1.8833333333333333,145.3738844659066,289.44465062766494,280.80361174021397,152.32723724475926,1536.0,8.333333333333334,0.0043172587878618374,0.010140828045065978,3.945402298850575,1,1,1,0,364.24305555555554,439.4905334219863,6.814172562270023,-29.78149100341335,31.573868675474362,446.385101010101,-6.894567588114683
257926088,381.1138469042854,19.25687641603078,-13.729955131998496,2885.659863945578,4544.0,-1178.8387096774193,-2304.0,400.0,4.433333333333334,142.30939680653938,209.8978633233489,285.2225804914577,155.452430313686,2538.6666666666665,3.6666666666666665,0.008273183355127322,1.5282283820075708e-05,8.618985695708712,1,1,1,0,380.01207627118646,417.5889349532433,19.924925601110843,-16.875256060770145,32.121597301658205,390.9898305084746,26.599104444768727
257918610,363.8150580349627,22.134612413130025,-19.556068628701855,1954.7961165048544,4928.0,-1620.8484848484848,-5632.0,360.5,1.3333333333333333,129.61629670324425,285.118526680913,278.3834063783009,157.17067574375685,2282.6666666666665,4.0,0.00396703176120052,0.006589350295660898,5.698952731389754,1,1,1,0,353.72807017543863,409.5021027152105,27.17641097655328,-26.108583905320334,38.24728519717649,371.8333333333333,37.66876938187721
257926054,442.35224398797635,12.121267254401891,-8.389662419472437,1296.820512820513,3008.0,-800.0,-960.0,360.25,3.513888888888889,452.1071622861787,219.295735915843,285.5320025260697,161.72431262238635,1898.6666666666667,4.833333333333333,0.005829066672637491,1.1910673992829505e-05,3.306755586067115,1,1,1,0,349.4738160291439,449.86434661933777,9.839128183382623,-6.5704430904950355,23.240080416512985,448.6006375227687,1.2637090965690732
257918656,428.0698834795124,28.41860652002003,-20.585189439578738,1296.1059602649007,3712.0,-1010.5098039215686,-2368.0,340.0,2.6,160.57573775771777,282.1529703608751,283.719343021575,120.65981333438762,1130.6666666666667,5.333333333333333,0.006812418420382296,0.003900376509412062,2.9605784648897226,1,1,1,0,317.0759548611111,479.0611719086907,33.962663058584354,-29.574957597492997,47.10003794746547,523.5729166666666,-44.51174475797592
257917996,398.3107192931939,25.69306664232986,15.239516435085687,2507.252747252747,5376.0,-1179.0374331550802,-1984.0,380.5,2.3333333333333335,101.04251002276139,282.1753195823108,289.38300334455096,148.67611068409153,2837.3333333333335,3.0,0.009391056602723935,0.00570100796596318,6.04381340891632,1,1,1,0,373.6514705882353,453.070009158773,29.538038883700032,20.218548476634126,36.886938175739814,488.04117647058825,-34.971167311815236
257916529,416.09653726729147,30.62617572074314,15.364275294077947,2025.7391304347825,4544.0,-1627.5555555555557,-4160.0,380.25,1.95,114.45697284907874,282.7791252312325,293.49647527488077,149.0614706999946,3285.3333333333335,3.5,0.007840576720107737,0.006814575920623667,5.246137909291537,1,1,1,0,371.6255630630631,449.66400848470084,35.604127488984226,18.188083186205994,42.18549506438749,471.5788288288288,-21.914820344127975
257928114,444.98933194535255,30.65294253374059,-19.616468351736938,1456.317880794702,2880.0,-1237.3333333333333,-3328.0,370.25,2.7333333333333334,149.44611085054564,282.2851924763327,283.3632674963066,167.55039118105753,2368.0,5.0,0.006900349649528785,0.0036905858997564366,3.445205157530276,1,1,1,0,370.0,486.81920765249225,35.830952393124655,-29.016504158340478,49.514783347841515,531.9166666666666,-45.097459014174376
257926638,343.34720178244675,37.9105695831531,9.03675907414096,1674.1294964028777,4544.0,-1365.3333333333333,-2432.0,400.0,1.25,121.26049208525357,281.2776664123863,285.25368107721295,133.56906544042656,1173.3333333333333,4.166666666666667,0.007116691025038882,0.006665827854825127,5.071571789730625,1,1,1,0,395.42992424242425,398.2130086557542,52.89166746387221,10.784162344256407,54.231538868661666,371.93939393939394,26.27361471636027
257914309,451.3319725759385,31.6058796627159,-21.31615019091441,1596.31654676259,3840.0,-1560.140350877193,-3968.0,370.25,2.6666666666666665,263.60070658629087,269.40018149284987,283.41760937695227,147.6185142149406,1109.3333333333333,4.0,0.007000070700705594,0.0013470167327311708,3.6073483986343686,1,1,1,0,370.0,484.8793631093551,35.59861622097485,-28.868072616774416,49.29443976453631,531.6519174041298,-46.77255429477469
257920999,400.41029146791055,9.978496537615172,1.1792548189882222,1815.0927835051546,4544.0,,,350.0,0.7333333333333333,435.941935664679,217.2045423058931,280.6546237388484,156.94347621228997,1493.3333333333333,6.833333333333333,0.004131345369375055,1.3620623757417047e-05,5.231903007250684,1,1,0,0,349.98660714285717,435.63874508397566,11.15402170388879,2.609861331412607,11.458593143605851,447.0,-11.361254916024336
257910349,407.24098070257554,35.44826793059542,-11.14001237859038,1709.3543307086613,3584.0,-1588.9066666666668,-4096.0,370.0,1.8666666666666667,142.31138854257298,289.0054615738319,282.6026574861801,156.500075573896,1856.0,4.0,0.006533570150121016,0.009619133926003238,4.277511773167031,1,1,1,0,370.0,447.20303271594736,42.09044049663305,-15.021212957264394,45.54665106957223,449.4191919191919,-2.2161592032445583
257920326,234.81715128385545,13.406859454037335,-6.597838097713838,1500.734693877551,2176.0,-1164.8,-1920.0,180.25,0.5833333333333334,106.71701965420912,266.2140326592594,262.04743699185696,167.85108616859375,1941.3333333333333,6.0,0.0005721409484148455,0.0016637873188549378,8.208975217682518,1,0,1,0,180.00347222222223,264.54122100739727,17.551506596960316,-8.357488456747713,19.443202725545888,250.91666666666666,13.624554340730612
257912190,374.8830816317651,24.348522449452393,-23.414471145126242,1566.796992481203,3712.0,-1115.52688172043,-2432.0,1165.0,2.816666666666667,107.07143871041905,281.95682248955814,281.76663782917683,150.4699928244408,1621.3333333333333,5.166666666666667,0.0037456699113937197,0.006231690603628278,4.343686163338475,1,1,1,0,358.0534090909091,400.719547614369,29.853379452886877,-30.452978500689543,43.63382215859329,365.06969696969696,35.64985064467203
257914921,285.3292497935415,15.85037563275925,7.863876234097771,1963.7333333333333,3712.0,-826.1149425287356,-2560.0,380.0,1.2166666666666666,142.8310106147886,281.9260267910505,218.58948425854533,105.79084431915675,810.6666666666666,4.666666666666667,6.669708741863586e-06,0.006668188722023833,6.037612093261593,1,0,1,0,188.54268292682926,328.771539093013,20.637081221319928,7.853172492189322,22.855764599732403,342.14356435643566,-13.372025263422643
257924091,354.481396162634,45.31037329094936,12.469597936662028,2207.6701030927834,4416.0,-1481.7777777777778,-3456.0,360.5,1.4,133.2370314111826,282.4389780689767,283.2002071605042,154.3513975163554,2517.3333333333335,4.0,0.00700607134817256,0.006082612278687617,6.5055746270923835,1,1,1,0,359.9981884057971,391.671597638382,59.05432240280866,16.36890593404843,61.77030355433936,348.42753623188406,43.24406140649796
257924298,315.2337135814541,29.044821200940106,-16.592051877579536,1812.4536082474226,4736.0,-1347.878787878788,-3072.0,300.25,1.3111111111111111,107.09761596915729,283.79861235473766,285.347667921734,103.26097770348298,0.0,4.5,0.005794512060627068,0.0067878003753449314,5.824542804134641,1,0,1,0,217.01127049180326,332.1134856441043,34.62168724338094,-22.273915529493113,48.29572377323903,292.37704918032784,39.73643646377644
257911970,374.71377244947826,33.022569517402026,15.490072435180034,1716.3636363636363,3648.0,-1103.686274509804,-2432.0,380.5,2.8333333333333335,135.6304211145625,283.0669480230173,283.8294813784197,96.48395048286517,85.33333333333333,5.166666666666667,0.0068804137369866125,0.007272441630785708,5.512701404188676,1,1,1,0,348.8146929824561,416.43273674237514,37.95273603192708,17.5243193642945,44.19923892649717,381.8801169590643,34.55261978331083
257922458,379.50993108948916,43.842381577394356,6.4255918257435605,1784.366972477064,4224.0,-1340.5714285714287,-2816.0,380.25,2.066666666666667,139.9079480297744,281.598142224929,278.5813950329745,211.2398756567333,3008.0,4.666666666666667,0.005180589276159359,0.005766841901175275,4.984520758585341,1,1,1,0,380.0,410.79399445570965,55.049690235204295,6.70395283557965,56.17466048257878,386.2056277056277,24.588366750081946
257927718,427.65973677353594,30.739075813261604,33.78930574778025,1963.495145631068,3840.0,-1058.3063063063064,-3072.0,360.25,7.716666666666667,144.18777379074416,263.4142263101156,282.1105873515337,189.26104394948848,3029.3333333333335,4.166666666666667,0.006746994505797836,0.0006573456263997753,5.7565752020949565,1,1,1,0,348.47756410256414,446.9978616134841,31.519017601159376,37.188279154930036,51.3243986652658,408.0326716294458,38.96518998403826
257927477,414.3310326201921,22.92613421587234,-13.863333648078742,1936.280701754386,4800.0,-1206.3655913978494,-4224.0,380.25,2.9305555555555554,130.21509654023703,281.6671914716935,280.8446007405107,169.9834031249573,1856.0,4.166666666666667,0.004391655489926675,0.006400593707618495,5.062171769292513,1,1,1,0,377.5183333333334,443.08415209588503,25.068139716034562,-16.20879880988957,31.001003747749834,413.0133333333333,30.07081876255171
257910410,381.8569158831879,32.64245144806896,-11.307094046087284,1702.2015503875969,3200.0,-1508.3456790123457,-4672.0,370.25,1.85,143.25844649444588,288.9060986957364,283.12620250776945,170.37684373943907,2197.3333333333335,6.0,0.006291173623338549,0.009724419993769579,4.555684647302904,1,1,1,0,369.99863387978144,426.1629179113569,40.8058601823415,-16.000045592029892,44.812044914394846,421.95628415300547,4.2066337583514155
257918512,373.82433608335856,35.82136550160031,-13.057590120971755,1828.7304347826087,3776.0,-1266.962962962963,-2880.0,350.25,1.3666666666666667,116.49907345387766,250.15625014101226,283.2536825065307,103.33530735132305,768.0,4.5,0.00684844243359225,0.0005172770647167004,4.23121340764139,1,1,1,0,333.96,491.74033130495053,51.5872806358275,-22.572718225567176,56.4964712567205,546.7933333333333,-55.053002028382764
257919237,371.3687106379853,20.477741126715678,-7.422617478228741,1452.5793103448275,3008.0,-1631.5151515151515,-3456.0,370.5,1.0333333333333334,221.213191526563,265.39634410147636,264.4363414800781,96.73751815916165,1024.0,5.0,0.001846321690830409,0.0012751364525380626,3.8684225026172236,1,1,1,0,370.08072916666663,452.3219815634684,23.89404857146789,-5.731122985924357,24.604954571651195,454.6666666666667,-2.3446851031982874
257923973,404.9695426215927,7.4767677519988895,-0.13975671872637993,1288.8,3264.0,-1039.4074074074074,-2496.0,360.75,1.8,165.0910311645585,280.3394929533514,241.5929127138834,429.66431699403927,1429.3333333333333,6.0,0.00024315455857661745,0.0039654662967672435,3.0004801746089487,1,1,1,0,360.28099173553716,443.773741635216,8.443437937028536,2.773328012176297,9.751148029330809,442.71625344352617,1.0574881916898562
257910511,304.6071605018528,20.15339639222645,-6.2507187395535375,2235.78021978022,4864.0,-1244.0493827160494,-2368.0,340.0,0.8,127.73453560870104,266.3254726978543,264.75327274044696,92.7069916839564,960.0,4.5,0.0018699104663139545,0.0017867018887286876,7.584566635601118,1,1,1,0,339.975,396.2709318054548,32.055636933025845,-11.7146645586351,34.132608146561786,362.8333333333333,33.437598472121465
257916919,386.7771214740166,30.316985235400804,-12.797005225329475,1562.2781456953642,3520.0,-1172.8155339805826,-4800.0,400.5,3.511111111111111,111.64217605706258,281.36705098802133,282.7199160715524,151.13605759685143,1706.6666666666667,4.166666666666667,0.0037621148863562982,0.006598530610912218,4.29087998835898,1,1,1,0,392.27916666666664,422.00194364447253,33.81987853853043,-17.786636672668067,43.44191054619027,382.45952380952383,39.5424198349487
257927838,382.8005338599876,25.437121653014604,-10.91358436963155,1750.4,4096.0,-1256.0,-3008.0,370.0,1.3166666666666667,131.35170042848353,283.65475057535014,275.88120037246205,143.41085943357427,3114.6666666666665,3.8333333333333335,0.0036293695569572485,0.0055178116101419795,4.30108936030797,1,1,1,0,369.9919871794872,465.97250736283667,37.85282120592309,-14.59111266799025,41.06627418467361,486.6923076923077,-20.719800329471013
257924348,390.4897459071211,44.13377008179468,9.178038508915343,1491.2820512820513,3520.0,-1900.2666666666667,-3904.0,390.75,2.4972222222222222,131.00646900946072,280.1393253655428,280.69860460848116,162.83295514450933,2602.6666666666665,4.333333333333333,0.005782213726204042,0.005468142582933715,4.460379239603505,1,1,1,1,386.8952265372168,408.02679532525343,52.17954594766379,12.355236202913105,55.224748662962696,369.31553398058253,38.7112613446709
257912452,398.819324572242,30.072598278642758,15.388956310846563,2363.0222222222224,4416.0,-1428.5128205128206,-4544.0,380.5,2.1,111.69334207981063,282.34393288149903,292.86334083790524,148.69691822689154,2538.6666666666665,3.5,0.00799591700481181,0.0066055592308629195,5.9425505756119374,1,1,1,0,374.7673611111111,427.1466893628706,34.55487200329941,18.262002918447894,41.42291191974481,449.2718253968254,-22.125136033954846
257921058,442.7178218910829,25.229552343194456,11.901019394205957,1269.6216216216217,1536.0,-1316.7816091954023,-3904.0,400.25,3.5166666666666666,133.7543190299804,280.6845856953592,218.74822134369126,453.901264341488,1536.0,,4.366226015205761e-05,0.004816665172743476,2.7415231981324775,1,1,1,0,389.37071428571426,458.9595152871612,25.342804520341527,14.360653438998185,31.002543385676894,487.6561904761905,-28.696675189029293
257922508,360.28807618877477,24.40818895549046,-23.50331413304671,2095.8446601941746,4288.0,-1401.4358974358975,-2560.0,360.25,1.4,133.44250125527628,283.47467412860516,279.81673862940744,144.0969459295317,2944.0,3.5,0.004984437257386163,0.005407499399708484,6.389013851071386,1,1,1,0,360.0,412.22397770722426,26.99011029337949,-29.264948583122145,40.74080482739323,374.4895833333333,37.73439437389095
257916301,428.39542642744976,19.4437496480098,-7.050105435143558,1455.2275862068966,3072.0,-1104.9411764705883,-2048.0,350.5,4.166666666666667,148.41867185430456,238.17249301512035,289.3062506927165,161.4909927084379,2517.3333333333335,4.166666666666667,0.009464995805246061,0.0003471648590494279,3.410175189087853,1,1,1,0,344.0785590277778,453.6630423905816,21.03810862088755,-10.00672876555485,37.00192117317887,473.48003472222223,-19.81699233164062
257913922,425.3935390787428,14.28732994352979,12.641696730781048,937.0403587443947,2880.0,-571.4016489988222,-2816.0,400.0,11.316666666666666,129.46874046040722,262.5493490812484,280.82873254933656,165.83798766970062,1728.0,7.5,0.004350175045824282,0.0006212614955409772,2.532449432210682,1,1,1,0,356.27075335892516,434.31039793116054,22.167491086681455,7.471797689770106,33.98942912881906,405.3795585412668,28.93083938989372
257922896,321.76924002547236,26.397980020985198,-4.853452407522012,2404.102564102564,5184.0,-1027.0967741935483,-3072.0,379.5,1.3111111111111111,131.96076870472368,277.6067546964376,219.58806176362842,102.26567599238915,170.66666666666666,5.833333333333333,8.595786683705481e-06,0.004897153142892587,7.679266145214792,1,1,1,0,259.8636363636364,,18.12625497552252,-5.399882158210179,21.06940738352536,,
257916030,348.5911381697445,37.88292672200537,-10.768459141747282,2229.9607843137255,5120.0,-1396.5432098765432,-3776.0,380.5,1.4305555555555556,123.81982708326544,261.95327967093624,218.87937733823819,147.0916088440394,746.6666666666666,9.833333333333334,4.470378702795782e-05,0.0007138933831071099,7.125591303530592,1,1,1,0,373.03156565656565,416.1526154768209,47.04542494852338,-15.492766910793573,50.03508577038174,386.2638036809816,29.88881179583933
257927594,331.7248949050857,35.8049831281473,-7.113128316230746,1718.4561403508771,3968.0,-1082.8190476190475,-2048.0,400.25,1.1,159.48007389715565,215.00599606172676,284.44501236872327,108.76960494464153,1045.3333333333333,4.166666666666667,0.006686245693681733,9.265932440882416e-06,4.585231129315389,1,1,1,0,360.0037878787878,422.6111378562593,48.12675406970405,-14.1612151479992,50.19440448472893,405.1969696969697,17.414168159289602
257925233,330.50613024305494,22.048764698748887,-9.018978981191372,2035.047619047619,3776.0,-1103.2888888888888,-1984.0,360.25,1.0805555555555555,159.76763041492876,216.04320159195476,217.86280437156321,109.14735136087918,64.0,9.833333333333334,1.39575309171163e-05,1.2099650716185717e-05,5.624452999045833,1,1,1,0,265.8459595959596,461.88857582954023,23.283925224399695,-7.9478494663211805,26.214650960170115,484.93939393939394,-23.050818109853708
257920804,458.09633486737096,16.546948460941582,-12.412181037689468,1615.5826086956522,2624.0,-1515.111111111111,-4480.0,360.0,13.733333333333333,144.8496951586673,285.5952035544149,282.38735893718336,196.1662543645668,2112.0,5.833333333333333,0.004036781505318694,0.007047247299495062,4.374561465470556,1,1,1,0,336.6232349165597,464.31277869801227,16.826411659920584,-12.875481294826924,26.565920103058346,456.4556054771074,7.857173220904883
257912680,373.15418689207553,28.41554918971659,-19.79545775117879,1615.0068965517241,3392.0,-1087.179487179487,-2048.0,380.25,3.8333333333333335,189.4275240407245,235.00321260081202,282.41610051486344,166.9465118217545,2261.3333333333335,4.333333333333333,0.0041913474656324785,0.000254149983855903,4.871055642225689,1,1,1,0,379.90530303030306,397.1937573190475,32.47516800484168,-26.717547718519697,44.93762886705807,359.65555555555557,37.53820176349194
257926635,408.87274723694804,36.120397649819594,24.318055703814778,1550.8344370860927,4032.0,-1261.9770114942528,-2944.0,380.25,1.9333333333333333,129.64931546262406,281.6596801807665,281.4134077579488,126.739719954753,64.0,5.166666666666667,0.006905244594664744,0.006058797689836112,3.675886101780052,1,1,1,0,373.94279661016947,465.65714042342915,49.15115074369229,30.263675283611736,58.75171978654082,488.861581920904,-23.204441497474818
257922236,422.5131673667541,10.213084031290132,27.359371049578645,1472.9208633093526,3584.0,-1254.4646464646464,-3520.0,380.25,7.316666666666666,129.35046639195284,263.1603104885924,282.4634933424259,101.86913084982503,320.0,5.5,0.006069438636124376,0.0006385948408425444,4.2848831125342715,1,1,1,0,368.5761494252874,440.82766914885696,8.515666938045992,29.790780206400285,34.7825942654374,415.00353669319185,25.824132455665108
257924651,311.31669302036363,9.671544104851552,-6.694093609670486,1924.5714285714287,3584.0,-1195.0617283950617,-2880.0,340.25,0.9,146.22269326849488,216.89051522552157,281.91895785766144,140.21976691747463,1344.0,4.666666666666667,0.003753824135503681,1.1514180269271341e-05,5.768769626034828,1,0,1,0,275.86708860759495,388.6053078318814,10.967260312287948,-9.777705501774859,15.297746164800351,374.1794871794872,14.425820652394236
257926457,357.1604470544202,31.69027199814092,-6.4461563999252105,2124.4271844660193,4288.0,-1311.2380952380952,-4096.0,370.5,1.0666666666666667,125.22435977381237,284.0263741991483,280.4005908255845,98.89462182810925,640.0,3.8333333333333335,0.0056879687305039115,0.006999150860693119,6.349302150132025,1,1,1,0,369.98026315789474,407.7890822158842,43.439737574027546,-10.779464657658357,44.81769969037812,366.719298245614,41.06978397027018
257917901,339.43287700320826,27.45552960687573,13.53728675789284,1852.2718446601941,5120.0,-1355.9466666666667,-4736.0,379.75,0.9333333333333333,162.74576711326927,219.3245647400201,281.70725565468797,159.0656690228572,2709.3333333333335,3.5,0.00633605106143874,4.718677253913476e-06,4.965876259142612,1,1,1,0,320.0288461538462,421.8482886650665,51.77965308070205,19.080772990759026,55.35642481496531,391.02564102564105,30.82264763942544
257918662,361.9733465676417,5.787415968748579,-12.753397677146516,1683.2621359223301,2688.0,-1545.7391304347825,-2880.0,350.25,0.95,240.02344814861576,279.7968416936138,282.6136034943236,158.3669051890104,1898.6666666666667,5.166666666666667,0.0039916106247712795,0.004543853003065489,5.110266159695818,1,1,1,0,349.9950980392157,454.65128482586465,7.177893041924498,-25.802474422976985,26.897538744857734,479.8921568627451,-25.240872036880432
257922754,439.0226784818907,22.75021132123223,-14.677511844574525,1474.3021582733813,3008.0,-1460.8695652173913,-3072.0,762.0,2.6,173.4631178785978,281.99075562071414,270.31752512685415,165.06465921760633,2389.3333333333335,4.666666666666667,0.002604804409604425,0.004235191377465197,3.8046154131778773,1,1,1,0,350.65749235474004,473.5698772738499,27.87042629585782,-20.23901905440455,35.8049241111873,505.5703363914373,-32.00045911758741
257916610,428.0605323463033,25.868643215609193,-22.194988055893994,1419.1304347826087,3200.0,-1226.6666666666667,-2368.0,330.5,2.4,161.0465617143219,279.924693491762,282.7577324911789,92.78028661610877,85.33333333333333,15.333333333333334,0.006043457593354128,0.00441768895905592,3.4014172571904964,1,1,1,0,330.03164556962025,484.86661487866405,35.090478975728196,-36.375668277968664,52.04762672904009,532.2995780590717,-47.432963180407626
257912625,420.20889506759323,25.290352045005875,-21.064079601637765,1575.111111111111,3392.0,-1061.7904761904763,-3008.0,350.25,2.65,153.4249097629028,282.1783634174484,282.7531572949369,102.22148532621618,512.0,18.0,0.0059447458373175395,0.0038110323771922004,3.671248080800607,1,1,1,0,350.0014880952381,482.49985304054144,34.99616759103267,-36.164651400125216,52.06907839443277,531.8730158730159,-49.37316283247446
257925152,361.40005240260695,38.2201021625686,12.853892610939848,1918.1359223300972,3392.0,-1181.6296296296296,-2816.0,330.25,1.2,112.11616533319565,285.86183560259695,282.2448015824285,140.08119314440998,2880.0,4.166666666666667,0.00677001770704057,0.0064725357883991565,5.716666666666667,1,1,1,0,329.2857142857143,398.1472237160763,53.5221159654529,19.27830664215216,57.068303149554666,409.1904761904762,-11.043252474399878
257917297,439.0478898545916,35.31255996836512,-16.53620414115394,1426.096551724138,3136.0,-1116.7407407407406,-2112.0,350.5,2.95,162.15851103560985,219.61251049475823,281.91380023222933,159.413520838089,2965.3333333333335,4.5,0.006740018558652026,3.757810606259379e-05,3.374247344287976,1,1,1,0,350.01231884057967,495.6789859134617,42.872699669887254,-25.494261554214273,55.49195325927808,545.6492753623188,-49.9702894488571
257910367,431.1906059439235,22.05569936014286,-15.540453066721572,1508.3741007194244,3328.0,-1305.5238095238096,-2688.0,350.75,2.433333333333333,187.20523483442128,280.2827244146265,275.6924888056277,154.65387224387416,1984.0,4.5,0.003680928135185127,0.00441279026563144,3.752442996742671,1,1,1,0,349.98404255319144,478.49988956788945,27.201799175874946,-22.03449389190123,35.997485582519474,512.1897163120567,-33.68982674416725
257925501,449.75950600294993,30.865204703318806,31.13679648753555,1895.3394495412845,3968.0,-1182.528735632184,-3392.0,350.5,2.1666666666666665,128.3923405929466,280.59041725817264,290.86826312691915,98.71561142052337,128.0,4.666666666666667,0.009376883726276881,0.0054522930680609,4.419931109732355,1,1,1,0,345.6124497991968,484.1843460395656,36.18812910560206,38.84512208230423,53.74885234599537,520.1074297188756,-35.92308367930997
257920945,384.1038982380814,29.103942227399397,-18.03630024451755,1575.3070866141732,3456.0,-999.4954954954954,-2560.0,340.75,3.6333333333333333,147.48107143620678,282.767366381562,282.54584713260533,160.60708259533112,2410.6666666666665,4.666666666666667,0.004042257401318928,0.006890406432295297,4.519484040029819,1,1,1,0,340.0144774011299,413.7252378265064,34.21849929085957,-18.592547863151292,42.59643123540508,377.4265536723164,36.29868415418997
257920094,446.0471586173166,28.130526023860522,-19.33253214456892,1286.6748466257668,3328.0,-1494.7555555555555,-4864.0,350.5,2.2333333333333334,185.38555525047983,281.83155897725896,281.420676217318,160.63174566165284,2752.0,4.666666666666667,0.006105306047493815,0.00418502416592499,2.8281618727834186,1,1,1,0,349.47478070175436,493.8796628803646,33.26720428515362,-28.154654278789565,45.378993531518304,537.7521929824561,-43.8725301020915
257920073,383.2627898042726,13.474365633605347,-10.68638063745178,1440.6620689655172,3648.0,-1298.4888888888888,-4096.0,360.5,2.3,133.40364079122597,277.1135529246883,280.77805092699595,152.41091714178557,1877.3333333333333,4.833333333333333,0.00425144003075181,0.004985074273023495,3.9975505205143906,1,1,1,0,360.0340447154472,428.24610459015634,19.74944283313472,-13.735511077133937,24.835327481019867,407.8150406504065,20.431063939749833
257927316,332.55001484929375,30.035472139881932,-11.975629282823581,1743.4666666666667,4608.0,-1235.8620689655172,-3328.0,360.25,1.3,109.85420582519892,283.067791128925,283.99524118871415,102.0448008820693,405.3333333333333,7.333333333333333,0.004269162274638476,0.006345609114991885,5.428400923691653,1,1,1,0,359.9672619047619,411.21253931001013,44.000768338115236,-22.30643575867418,49.34119278275809,361.89285714285717,49.31968216715296
257915558,459.4336075108926,14.158657117111522,-13.52571276099616,1193.0666666666666,2368.0,-1526.6733668341708,-3136.0,380.0,13.466666666666667,153.5638774293209,293.1522135037243,280.8464520037877,189.6739458165089,1642.6666666666667,19.833333333333332,0.004388319142323703,0.004532900639777408,2.9419089694852563,1,1,1,0,360.89497792494484,466.543361471898,14.83722345698824,-13.526860149393361,24.821177620986067,462.47284768211927,4.070513789778715
257911215,336.12679399548114,34.31232279603176,-10.215409527079435,2082.6422018348626,5760.0,-941.8623481781376,-2048.0,380.5,1.6166666666666667,140.85250196918074,279.3680818270243,279.25881049484144,152.83713892227172,2197.3333333333335,3.8333333333333335,0.005880213513566708,0.006065018431579819,6.622363546194464,1,1,1,0,373.32916666666665,407.6457505031804,47.01097499303374,-15.690070111757263,49.755247280665166,365.4222222222222,42.22352828095819
257915316,383.17755252331403,21.200103264320028,-14.322953337848693,1692.5619834710744,3712.0,-1272.7619047619048,-2304.0,360.75,2.95,131.70785953735185,282.3069649996406,280.747812943602,141.61534315417995,1386.6666666666667,5.166666666666667,0.004138000164890958,0.0062963328638755475,4.857800232453332,1,1,1,0,360.02734375,410.01632968093827,24.218261060778982,-16.62886275431651,30.169061992352102,380.84375,29.17257968093827
257921852,419.25998042626907,38.69061183151287,-17.79684405416147,1554.2857142857142,3392.0,-1271.7037037037037,-2944.0,350.5,1.3333333333333333,146.26345251241713,284.3681507626505,282.86551362968714,175.08344294818076,2944.0,4.333333333333333,0.006916941464421484,0.006286937131220689,3.4911252596558184,1,1,1,0,346.74596774193543,474.88339554577124,46.595976357978344,-25.9780683580721,53.85397090165019,521.1236559139785,-46.24026036820726
257920923,178.24874310931384,11.282325545334066,0.9940267494505788,2615.1111111111113,4032.0,-1157.3333333333333,-2560.0,170.0,0.8944444444444445,108.0796282512636,282.1480781911128,283.0661816944048,102.45463043604518,1152.0,4.833333333333333,0.006012961200502817,0.006224372661027595,9.391859537110934,1,0,1,0,27.226600985221676,133.69345736391008,7.981410987476531,1.9278028709368464,10.982714861040915,129.12690355329948,4.5665538106106
257921105,263.4722193188954,23.27108861714413,-5.029502981638006,1691.3398058252428,3072.0,-1169.0666666666666,-2880.0,300.0,1.5333333333333334,123.37672448587838,283.2026433466317,284.4330211882351,115.73804004179478,938.6666666666666,4.833333333333333,0.00668992819689816,0.0064161586467495245,5.379945029492604,1,0,1,0,98.42791666666666,217.80411784904965,18.776759536591133,-4.730257639417601,30.570623095508324,209.71,8.094117849049638
257928309,375.1227665322719,19.3461434107922,-4.192162176151073,2670.6823529411763,5184.0,-1669.3333333333333,-3456.0,380.5,1.2333333333333334,112.53495188819802,265.78189297757336,272.4859777139695,137.53222758636377,3029.3333333333335,2.6666666666666665,0.0021349883328333906,0.0016428217374511254,7.595797363313925,1,1,1,0,380.01973684210526,423.04151136023347,23.25635738595525,-3.4268153775020216,23.65363003509243,420.7236842105263,2.3178271497071705
257916126,400.5273281660628,41.669941213141584,4.452286954603455,1576.5179856115108,3712.0,-1239.741935483871,-3456.0,370.5,1.6333333333333333,147.57519883481277,283.98364350332525,280.85532323778057,104.83453227366805,149.33333333333334,4.166666666666667,0.0051556537107772865,0.007169146322027133,3.8856656500461026,1,1,1,0,369.77272727272725,463.3386528896205,59.85451736729958,3.868827986496975,60.49102256255938,499.4962121212121,-36.15755923159162
257918912,373.35021317882604,22.32997407074858,-16.540254998718105,1980.2718446601941,3648.0,-1388.0,-3456.0,340.5,1.3166666666666667,132.0050585763463,285.28965492009473,280.126961987456,155.81145714935298,3242.6666666666665,3.6666666666666665,0.005002738796159871,0.0058640960604479314,5.637122405549567,1,1,1,0,339.9803240740741,425.74099637490167,27.44954531688529,-21.248745729264403,35.21894310744856,391.8240740740741,33.91692230082759
257915484,438.5819902962418,12.708258610728164,-6.779452440405306,1282.8535031847134,3072.0,,,380.0,3.7333333333333334,444.00116825797704,215.18881678117552,285.87209588348946,155.96159732089828,1280.0,5.5,0.005851084009597787,1.1089090134440673e-05,3.432837347241397,1,1,0,0,343.1237373737374,447.4748211954731,10.928542406683697,-5.000746410782512,22.685105767753353,444.2188552188552,3.255965976617915
257917821,445.67891077838175,24.212921320455212,-11.59946511315054,1483.566265060241,3392.0,-1185.9649122807018,-2496.0,410.75,2.6416666666666666,167.2816531404855,281.35951865836415,281.69446001059146,102.57595560201639,0.0,4.5,0.0069581123515234915,0.004457728632147659,3.247428661849254,1,1,1,1,410.02083333333337,511.77155194062664,26.304700755393963,-17.577396801239498,33.80093979761108,544.0452898550725,-32.27373791444586
257916634,452.5369467468586,39.302743601226844,-11.553742263490463,1565.0071942446043,4096.0,-1084.148148148148,-5184.0,370.25,3.3333333333333335,163.58926373782577,281.31457779239116,281.5950477593851,91.72895308989132,106.66666666666667,4.666666666666667,0.005802113370999327,0.004675819574412883,3.85572236303373,1,1,1,0,355.11436170212767,496.7414787886092,48.62855049053492,-17.908110194256658,59.97390566677771,553.3274231678487,-56.58594437923949
257917482,322.69486548829286,37.582496211118105,-7.914893676226268,2178.6666666666665,5120.0,-1230.057803468208,-1856.0,400.0,1.2333333333333334,104.08584729508742,282.2072825006218,215.1590698865493,130.12171902965306,2432.0,5.0,7.429976317606497e-06,0.005702632027498374,6.777666158981171,1,1,1,0,371.6377952755905,375.6803831677416,58.87746567314573,-14.193307031832232,60.76473354240856,348.65833333333336,27.02204983440822
257924056,363.70007105177683,30.099671949144035,-23.82288363931972,1634.909090909091,3456.0,-1088.0,-2624.0,340.5,3.2333333333333334,132.6511031105008,282.358288279449,282.4616943962912,151.31919368457716,1941.3333333333333,4.666666666666667,0.004088888494486074,0.006050931979856188,4.441889707203162,1,1,1,0,339.98958333333337,412.3744400923556,20.19985599388437,-24.573803125881312,32.33273233703589,381.7916666666667,30.582773425688913
257919567,362.55805545113054,32.605918893167924,19.82180164133965,1854.7572815533981,3712.0,-1707.2592592592594,-3136.0,320.5,0.95,137.7684733844306,280.32660812396733,282.5508414338983,167.29236097215207,2922.6666666666665,4.166666666666667,0.006802444802308282,0.005970507989987371,5.430821275265089,1,0,1,0,306.02272727272725,400.30114477662926,46.03004902711944,26.14989955012922,53.75873871002002,354.82575757575756,45.475387200871694
257912150,338.9009493075122,33.74346983370041,4.489351153444963,1906.962962962963,4224.0,-1341.5384615384614,-2880.0,867.0,1.2972222222222223,106.69162924495669,215.01267721084747,280.8662040527191,107.77806326159339,1088.0,3.8333333333333335,0.005162510084392724,1.0675597142602937e-05,4.607633451161126,1,1,1,0,349.8912037037037,500.65256338461666,45.32735393963803,8.589506053062385,46.269257622322755,544.0277777777778,-43.37521439316117
257919655,437.46150868277533,43.75103093916987,-4.486338674194357,1715.3057851239669,3968.0,-1467.4871794871794,-4096.0,370.25,1.8833333333333333,153.44885611760301,268.58477531789765,280.7973156923457,94.9529923668172,128.0,4.0,0.005118564307561256,0.002001620743556487,4.172738238841978,1,1,1,0,349.78296019900495,490.73187907219,56.032353898254954,-6.819832258793249,58.15094456754982,536.726368159204,-45.99448908701396
257926965,342.6782127096785,25.52316494020323,-9.200044432703857,1822.2222222222222,4416.0,-1271.017543859649,-2432.0,360.5,1.4,86.98544394520385,234.20786336019626,284.78539636181006,157.40695910796902,3008.0,3.8333333333333335,0.006388703803998129,3.3557265606228056e-05,5.364297980210973,1,1,1,0,360.00694444444446,426.01250625944596,32.46584051464862,-14.237884334265042,35.55322229549726,396.00555555555553,30.006950703890425
257918432,429.2182354363597,26.704006718400283,-20.14001263443504,1419.9712230215828,3136.0,-1238.3030303030303,-3200.0,330.75,2.7,169.9843788932174,281.0011771329328,282.99191178233826,177.53814828481697,2965.3333333333335,4.666666666666667,0.00693168892944926,0.004180791665343255,3.2595577428038247,1,1,1,0,330.0071428571428,477.2850419216331,31.58614693837689,-27.931026019115105,44.07226473794734,517.6666666666666,-40.38162474503355
257922381,372.0123659751199,19.58479589937911,-14.227903236516683,1658.7067669172932,3328.0,-1125.8181818181818,-1984.0,380.25,2.716666666666667,127.06877514875876,282.0458955414859,280.7996496890136,150.72667359161184,1536.0,4.666666666666667,0.004320280692153801,0.0058863736240211415,4.884057650158294,1,1,1,0,369.9084890965732,401.79736825687536,21.10886890454642,-15.559508638923344,26.92506291941897,375.7056074766355,26.091760780239838
257914707,259.73833452898117,22.208519329668885,-0.1693989176474572,2404.7659574468084,4096.0,-1106.1333333333334,-3648.0,350.0,0.7166666666666667,137.72686878030197,277.76707361274543,214.77845920229024,136.3913553842773,1898.6666666666667,9.0,2.8581884698374794e-05,0.0049737422665805395,9.135467183963788,1,1,1,0,208.625,,38.781033158189146,-5.089276996547808,43.1118285285976,,
257927133,392.30134766387323,40.07577507743628,-10.745123608180135,1800.2201834862385,3328.0,-1247.6444444444444,-3520.0,330.0,1.35,154.64105040965953,280.0129414747484,280.4818914193171,161.7921811021369,2474.6666666666665,4.5,0.005609116303935655,0.0044324474672281676,4.332133789601501,1,1,1,0,328.7840909090909,474.8640768160803,57.465625465580125,-17.84944415417066,60.97543277097714,533.2474747474747,-58.38339793139443
257911809,387.39177933585074,27.01991775948192,-17.233412245332005,1481.624060150376,3456.0,-1077.942857142857,-3008.0,380.0,3.6,142.85183878001735,284.0954045453376,282.350923623212,152.8948989158789,1813.3333333333333,5.0,0.003976314926113132,0.007017182395393442,4.078145695364238,1,1,1,0,339.64297385620915,417.11464752387485,23.451378487459248,-25.758077207982232,35.58569654203514,387.59150326797385,29.523144255901002
257925583,448.7099490481814,35.26040976663243,-11.310206823104629,1307.71974522293,3136.0,-1251.3333333333333,-3072.0,350.25,3.3833333333333333,176.44507618039614,282.51542651686657,282.51494072136427,88.29107728945654,170.66666666666666,5.5,0.006088962231015466,0.003961891781994916,3.114752108744463,1,1,1,0,341.9803240740741,491.51044817503754,42.48964890838634,-16.676522529303536,50.404492691923295,539.4155092592592,-47.9050610842217
257921837,241.4034877476086,10.701099867270502,1.3700334470233424,1988.923076923077,3904.0,-652.0,-1088.0,60.25,0.43333333333333335,125.15907883549616,283.1343748812718,279.3737747202922,158.1498941646607,3712.0,,0.004100889576321616,0.0065871210744448926,10.493506493506493,1,0,1,0,49.94270833333333,254.90352907633144,10.868695441053566,1.3035776968233395,10.970269392587698,260.4791666666667,-5.575637590335248
257928359,403.9891524461122,16.888009262000978,-8.00107832896173,1734.121739130435,3456.0,-1491.0144927536232,-3648.0,340.5,3.5166666666666666,133.87470695732992,265.4003729627336,282.0475338302033,150.54119902042046,1877.3333333333333,4.333333333333333,0.003799400754097597,0.0016849021164681076,4.841093363111133,1,1,1,0,340.0093688362919,423.87248963329375,18.921542906998532,-9.066644868341298,22.164470499508205,407.03846153846155,16.834028094832206
257921688,371.0889945900379,39.684089673974974,2.565813447745751,2501.731343283582,5184.0,-977.5431472081218,-2880.0,380.5,1.1166666666666667,163.76900127601715,229.29975902529344,278.75280040493567,282.1621194944458,4800.0,2.6666666666666665,0.005886595471248909,0.00016735452860812704,6.816706657448453,1,1,1,0,318.76875,442.2711417750514,50.8004984613249,2.7272257976664633,51.003202366688114,426.025,16.2461417750514
257919569,420.978252950427,9.305976404330432,28.45076622132955,1486.2222222222222,3712.0,-1146.2095238095237,-3136.0,380.25,7.097222222222222,130.77265607089421,264.69277254080754,222.2942712726165,93.4321397167349,106.66666666666667,13.5,6.186517287676465e-05,0.0007473676811709158,4.19228207639569,1,1,1,0,366.6668181818181,438.430444156214,7.898331711642505,30.487123415838155,34.90730190519838,412.95437616387335,25.47606799234063
257911078,248.65862937784377,17.42782529226407,1.00964694223781,2243.1475409836066,3648.0,-1074.7936507936508,-1920.0,274.5,0.8666666666666667,142.31558100595961,232.45638339968465,282.7163130295204,105.77530352062477,320.0,4.833333333333333,0.0067755759259037675,0.00022756809894455672,6.996574116684563,1,0,1,0,111.62103174603175,177.75259284673302,18.164302518849343,-0.006557702160600775,25.749375652076807,177.21428571428572,0.5383071324473008
257917177,381.8003116941703,22.757237169877893,-8.115713433823272,1737.0666666666666,3328.0,-1509.3333333333333,-3136.0,370.5,1.15,123.73248594934462,284.559915084963,276.1334022353599,159.29151664324704,2346.6666666666665,4.166666666666667,0.004275132674638086,0.006313412658006652,4.249097988054712,1,1,1,0,370.00416666666666,467.2080596049324,30.30098931019119,-12.38673104970499,32.76058548300692,495.375,-28.166940395067627
257926489,411.56902746097336,39.08523703152849,-3.0544116469233655,1903.559633027523,3520.0,-1075.8918918918919,-2752.0,350.5,1.8666666666666667,165.86899202540997,246.60817409619065,280.95057161422983,104.63037747209799,106.66666666666667,4.166666666666667,0.005214903511018406,0.0005537683357459068,4.7146719989093135,1,1,1,0,349.1608187134503,501.48573074590786,51.604922795083176,-4.500061117045396,53.29714033971872,550.453216374269,-48.967485628361146
257928418,389.52584789638695,39.849092055132644,7.4121545382004,1798.6782608695653,4032.0,-1268.5432098765432,-2496.0,370.0,1.1666666666666667,134.83412774487937,282.1661714858218,280.9513113824864,108.72253786679464,938.6666666666666,3.8333333333333335,0.005237301250660333,0.006611190962802372,4.456682395018637,1,1,1,0,333.81944444444446,456.9270619513211,58.95773965483932,10.550064907178536,60.81182681256319,498.0952380952381,-41.16817614391698
257917819,375.63831044768466,32.44464404977672,-14.075472533745607,1986.8444444444444,3392.0,-1386.6666666666667,-2496.0,310.5,0.9305555555555556,143.13540909964595,284.3705728532378,283.1373304605935,90.21723025662034,192.0,6.666666666666667,0.0063749417597579044,0.006289666558865621,4.893035983034615,1,1,1,0,309.9970238095238,451.9351360062994,50.54683992181921,-26.436848064900328,57.12544111978585,506.98809523809524,-55.05295923179585
257927308,383.3028525021406,6.36465219523052,1.817135278074685,1557.179856115108,2688.0,-1307.2592592592594,-2112.0,370.0,1.7,152.05896325284826,288.2569785306159,280.5042989633697,173.84310901077785,2026.6666666666667,5.0,0.004397123801953216,0.007898571954960921,4.111073124406458,1,1,1,0,369.996875,447.720342633522,6.647845381910206,4.30318477554487,8.119095771689727,446.15,1.5703426335220456
257918508,389.7318631205052,17.750074476279543,-9.196599687206305,1813.1478260869565,3520.0,-1071.4427860696517,-2432.0,360.5,3.4,118.38593178072581,217.0330676056091,282.21103348457257,145.88330766600356,1472.0,4.166666666666667,0.0038732607859662035,7.324397385037329e-06,5.317284643239659,1,1,1,0,359.93694444444446,425.362176830535,18.948474134848748,-10.104574348070045,22.109222482087663,413.74888888888887,11.61328794164615
257926331,453.29489005142574,17.36197239454525,5.30448163740764,1399.7546012269938,5312.0,-1302.0444444444445,-3072.0,360.25,8.433333333333334,143.87230698900828,268.91218915186414,282.4621960031992,188.14870374938488,2538.6666666666665,5.5,0.006754244982469177,0.0010489308589243399,3.8760532753465613,1,1,1,0,329.2597408650261,467.3108282476306,16.32493718674877,5.435580279933879,21.89589264965742,458.5348620432513,8.775966204379301
257927451,382.9104959517444,27.1334818195257,12.73010137425222,1605.079365079365,3776.0,-1214.528735632184,-2560.0,370.0,2.966666666666667,131.41236104161268,289.83395345416835,281.96909185939785,98.58823163824074,1002.6666666666666,20.0,0.005804941658281351,0.009543288957900882,4.829496609036203,1,1,1,0,339.4883512544803,413.4885215935312,31.220267978417468,18.742713471168408,37.766170813350314,377.01612903225805,36.472392561273125
257924388,468.44570058126124,16.317381183328695,-9.56692172149819,1366.887417218543,3328.0,-1181.117117117117,-2432.0,400.0,12.5,149.35498934500066,273.7646257195664,282.3532285660442,190.59472007181827,1429.3333333333333,5.5,0.003912548994239434,0.0009429826303734283,3.5390339671816324,1,1,1,0,369.95984958757884,479.16335981962834,16.934718275054824,-9.7955382238979,22.38068312822647,476.1166909267346,3.046668892893763
257914919,269.0929793855714,23.891021298568432,-11.884051525958258,2216.3809523809523,4672.0,-1130.2988505747126,-2240.0,340.5,1.6,100.36707106558832,282.01548840575515,285.34128134088905,150.11501958551645,2922.6666666666665,3.3333333333333335,0.005761675637060167,0.005862311478638528,6.95933014354067,1,1,1,0,340.04166666666663,409.2154915986798,43.70534696601688,-31.361753272990313,53.867541466167346,366.1666666666667,43.04882493201313
257916022,357.84009356137545,37.575335358818236,7.194987098596101,1542.095238095238,2944.0,-1298.051282051282,-2752.0,350.25,1.2666666666666666,132.9026273802108,284.5598810611878,282.5529566548708,116.63911439748064,1365.3333333333333,10.0,0.006966181351452142,0.0071478780550123635,4.823593664664117,1,1,1,0,346.51602564102564,408.89037565802386,57.987196828170056,10.91572429151267,59.22044380702472,426.4102564102564,-17.519880752232552
257921684,448.6052393638082,28.5341816189942,16.25574233417339,1760.0,3840.0,-1359.816091954023,-3968.0,370.0,10.616666666666667,147.33361359061527,281.66109705412947,281.9311597645371,87.19883886800422,64.0,17.333333333333332,0.0058256463023363,0.004101082419487391,5.187489765842476,1,1,1,0,335.07598039215685,460.9650871996486,28.174080565656894,17.256262741089778,35.38999934662487,433.1259191176471,27.83916808200155
257926456,367.3306241110524,34.80574781675451,2.683634406876651,1915.7685950413222,5120.0,-1359.6444444444444,-2496.0,400.25,2.066666666666667,113.47120080343112,271.1806337478629,285.8325077466948,118.14872199410111,1621.3333333333333,3.3333333333333335,0.006382942627514259,0.0030749274070555345,5.519238095238095,1,1,1,0,399.9977477477478,412.093612699005,45.75434239364357,2.661371800102777,46.74106802699073,426.9121621621622,-14.818549463157183
257919968,248.77987048459843,16.855373899969667,-2.5133851919363015,2591.418181818182,5568.0,-1298.2222222222222,-2304.0,320.25,1.3,102.37268301684543,282.4085143781288,276.1581183350772,272.7094731286771,3989.3333333333335,2.5,0.0028054156245747607,0.005686835280838187,7.742299961975122,1,0,1,0,121.62314814814816,201.47395624819706,12.806347622220041,-1.5943835600812752,22.463334131330182,192.2888888888889,9.185067359308164
257918812,353.59407195171264,25.053612636701434,7.466521468202884,1888.3106796116506,3712.0,-1314.2222222222222,-2240.0,350.25,0.9333333333333333,136.0967664025853,280.1857956237637,280.98770618872265,103.62665748828402,469.3333333333333,4.0,0.00524192982879828,0.00503492864990903,4.874464299140373,1,1,1,0,329.9236111111111,489.7793686055429,47.56844843860306,13.89191328397877,49.58969367385297,526.6666666666666,-36.887298061123715
257919417,337.5333693429261,28.522613793341293,-18.936271719740642,1678.2222222222222,3456.0,-1357.5211267605634,-2560.0,354.0,1.2138888888888888,57.25026180582736,280.1600157368904,284.6292950281166,113.60502236197286,64.0,5.166666666666667,0.00631847096963234,0.0051984546077794335,5.3184659174271545,1,1,1,0,315.7644230769231,417.04142777489017,38.956741073766516,-30.091283132349442,49.375707985701005,392.3397435897436,24.701684185146576
257925963,429.36369641349785,40.007035385040005,5.218422008707189,1630.236220472441,4096.0,-1428.4444444444443,-3008.0,350.5,1.2,132.28957008717347,282.0216754081456,281.04186353801856,106.66284168111919,661.3333333333334,4.333333333333333,0.005312045480102249,0.006433323257373773,3.8247247469149483,1,1,1,0,344.08950617283955,504.22580779956957,55.289991468807266,5.754799029197358,56.115935715011396,552.679012345679,-48.45320454610942
257910268,421.0486319859507,44.22976204181995,1.6611094622518339,1628.8721804511279,3904.0,-1393.7777777777778,-3328.0,370.5,1.9,133.43891301779723,279.7654544177028,281.10921355782364,108.54175684163302,1045.3333333333333,3.8333333333333335,0.005367458604456484,0.005642500860003829,4.097055430527451,1,1,1,0,367.9846153846154,464.7571069757932,57.91528932738938,1.1579971041240382,58.87617142368936,503.0820512820513,-38.32494430625809
257917068,441.1462567546063,25.079187595195258,28.45170639859534,1582.08,4032.0,-1065.0666666666666,-3904.0,439.0,8.352777777777778,130.66285466590708,264.0093838921524,283.46087701100237,97.73944003361449,-21.333333333333332,4.833333333333333,0.006475061659148958,0.0005743711363229188,4.438974205495595,1,1,1,1,377.56279481132077,459.5189166969331,24.206792007317762,32.60067666892267,44.0879291964764,422.37028301886795,37.14863367806515
257925044,449.11820423557106,17.175224058465993,3.912094055986662,1076.3333333333333,4096.0,-353.1411822178798,-2560.0,400.25,9.55,136.41586789636628,260.93614161463546,281.9820251881306,97.05897030285233,0.0,21.333333333333332,0.005847607118097205,0.0008553527787744351,3.089074575105756,1,1,1,0,373.2052826691381,448.18235584869603,35.18716257662894,9.137024233853147,45.13807715176898,428.29749768303986,19.88485816565617
257919637,426.3536399207223,41.82607785226833,15.853769519828608,1566.7786259541986,3904.0,-2081.0666666666666,-3904.0,518.0,1.6666666666666667,273.9464037552113,281.7756796173086,215.1593923537802,100.61617195437798,170.66666666666666,10.666666666666666,3.084973427627195e-06,0.006610065242706545,4.176715980545777,1,1,1,0,341.82142857142856,469.26833510752317,54.072066417742015,18.657753650169376,59.45522146821057,495.1730769230769,-25.904741815553734
257914962,398.44592354479505,24.097123205334157,-9.393565252437934,1315.868131868132,4544.0,-1379.5555555555557,-4352.0,420.5,3.3666666666666667,105.18561014295696,282.1691492259858,282.50567931131457,153.14307303664887,1002.6666666666666,4.0,0.003957689678462541,0.006906603503687633,3.768615849436647,1,1,1,0,410.55983182406214,454.1241384053365,27.674516475808353,-12.689737442321396,33.08952394041123,423.2457956015524,30.878342803784108
257913821,390.4172991997251,30.896777482319653,-11.670173730157227,1277.524861878453,2944.0,-1313.2929292929293,-3520.0,400.25,3.9833333333333334,141.36169098685426,282.8297299607451,282.46347327648584,155.63431393728612,1194.6666666666667,5.5,0.003956165012734562,0.006795207470085366,3.39732306833375,1,1,1,0,399.9934971098266,415.4781018070876,36.90200386241281,-16.299160248896072,43.93418801005258,374.0279383429672,41.45016346412041
257925905,361.78906916535254,19.362167609954568,-5.095409964404941,1525.4925373134329,3072.0,-1626.6666666666667,-2944.0,280.0,0.5833333333333334,138.25337182254066,265.3469576449666,252.96373783233338,286.0970601158475,2688.0,5.833333333333333,0.000507199533123641,0.0017453903092508603,3.782819497390725,1,1,1,0,279.9895833333333,445.8261323686415,31.921310930231517,-8.9142282106386,33.243749164327504,454.6041666666667,-8.778034298025204
257918123,415.30289217172066,22.754671261331055,-17.5682250702136,1397.4039735099338,3456.0,-927.7460317460317,-3200.0,370.5,2.683333333333333,126.11347974063317,215.91280111501604,283.3097596404234,89.17078915447667,213.33333333333334,18.5,0.006149331549653226,1.237044214532819e-05,3.1231295235557925,1,1,1,0,353.03059071729956,473.8567296915051,30.299925044786104,-27.12133261788206,42.10266677265856,513.8902953586498,-40.03356566714473
257928020,449.23360913740146,30.701351834921283,11.281087877408185,1858.1157024793388,3712.0,-1090.828729281768,-1600.0,825.0,9.683333333333334,134.52655149463118,281.18116280179345,283.15789486594764,186.6172402121131,3584.0,3.5,0.006998785361044747,0.003458971161618189,5.335991456034176,1,1,1,0,510.1599700031576,461.85003444181655,31.2974698046854,11.408924429485623,35.79696375899873,429.77123460688347,32.07879983493308
257915780,375.4369132688331,39.03935140494006,14.54993770850241,2154.226804123711,3648.0,-1335.4666666666667,-4800.0,350.25,1.1666666666666667,133.55170267044085,285.20635331209184,282.16352532354557,138.1841216667224,3029.3333333333335,3.5,0.006712210297051175,0.006016189451986492,6.274886640040839,1,1,1,0,350.0028735632184,408.90243127265154,52.9113065299121,22.040892925501353,57.54442340706314,417.2471264367816,-8.344695164130087
257915712,325.19542906845277,10.226642726700888,-11.932015986110274,2051.0117647058823,3648.0,-1169.0666666666666,-2496.0,310.25,0.9333333333333333,186.28870985133292,281.3779686470442,280.5835464069627,153.78188361808222,2048.0,4.166666666666667,0.00495524537425952,0.004445428059442214,5.730589704818882,1,1,1,0,310.0,420.1257985022164,17.463203443926833,-28.98205349472003,33.98358624165525,446.9166666666667,-26.790868164450274
257924781,372.0929242353125,37.65964875574678,-4.69989416432192,1873.4035087719299,3200.0,-1419.8974358974358,-2816.0,370.25,1.0638888888888889,129.90832557399781,279.1354314580222,217.47309985181204,152.75813545036428,1984.0,8.0,4.522272959040675e-05,0.005403450021965276,5.022647632934315,1,1,1,0,341.82272727272726,455.44353876288653,54.003328952891664,-4.574072578517522,55.995515626077314,486.2,-30.756461237113456
257919885,356.9582411648712,29.43159816211351,-16.74224158752481,1858.0,3264.0,-1252.888888888889,-3200.0,310.5,0.9972222222222222,148.3023206911712,284.28778332934195,282.60723411450937,98.52112406149257,661.3333333333334,9.166666666666666,0.0057654649355829675,0.006307653960676905,4.711749788672866,1,1,1,0,309.96153846153845,445.8288709719188,45.87462256877906,-36.040102652334404,58.392431958292065,487.3333333333333,-41.50446236141454
257927332,377.6617593162377,32.112445869021045,-18.525919639466373,1264.1019108280254,2944.0,-934.8376068376068,-2560.0,340.25,4.133333333333334,136.08655970030472,281.0911781730525,280.59714340201583,171.80105745170295,1258.6666666666667,7.166666666666667,0.004423478473690528,0.0059298116480999705,3.704414372375175,1,1,1,0,340.0014880952381,420.21635078361004,22.87521833607261,-22.567321853533645,33.85182699080469,388.4345238095238,31.781826974086243
257914506,316.8930578257302,17.08177640336982,-7.347021205926925,2013.8082191780823,4032.0,-1440.561403508772,-3584.0,260.0,0.75,134.38327969682092,269.7885613191235,264.28088926209995,97.50516813976289,874.6666666666666,4.166666666666667,0.0016689878220954944,0.0020772706892221828,6.809078276980084,1,0,1,0,260.0,419.5651877715404,33.167291726613875,-15.904817002287725,36.87153036880827,398.67857142857144,20.886616342968978
257925871,372.7781018732859,24.872869342511635,10.452276264010072,1864.9917355371902,3712.0,-1186.0645161290322,-2560.0,380.25,2.283333333333333,102.51205620530813,282.07960093788546,288.1710308156195,148.8217531627955,3200.0,3.6666666666666665,0.009121216115344444,0.005809138427030942,4.512557990721485,1,1,1,0,355.7327380952381,445.6237217686371,30.70046210642285,14.65660519570456,35.85234756690733,477.3690476190476,-31.745325850410495
257915271,442.3360164158455,33.88526491826061,-16.169294264866878,1302.4635761589404,2944.0,-1183.0,-2048.0,350.0,3.033333333333333,166.4320964937385,282.4741229681017,281.27793305770854,159.419263553318,2517.3333333333335,5.0,0.0060024359786636505,0.003950939223603863,3.043751450901494,1,1,1,0,330.099126344086,488.4666962465261,40.40382851107259,-24.01546136303092,50.260249826219926,537.1948924731183,-48.72819622659222
257923358,406.86614491185384,25.903814240447698,-7.287603331290231,1486.840579710145,3072.0,-1381.6470588235295,-4992.0,350.5,2.3,110.13467576763753,234.54402385452468,284.0042731659016,99.91068959965283,42.666666666666664,12.666666666666666,0.006769926432885286,5.524803693903123e-05,3.7039497436638027,1,1,1,0,349.99891774891773,461.8516128291595,28.961880283402596,-7.67197192557468,31.419134153860973,474.0281385281385,-12.176525698979049
257911657,422.6539895553307,23.879360464665524,-19.510390982466692,1614.060606060606,3968.0,-1078.4864864864865,-3712.0,390.0,2.5833333333333335,144.57123880192816,217.3684737523831,282.0363785028651,108.63323844222992,746.6666666666666,19.333333333333332,0.005854625887403084,2.7506597990959153e-05,3.7507878105029664,1,1,1,0,367.03497942386826,477.2654381880123,33.48789888703984,-31.389134237381143,47.30312285801603,521.1316872427983,-43.86624905478601
257922673,441.4905964419299,27.21156001714306,16.51845044908143,1644.5217391304348,3072.0,-1347.911111111111,-3840.0,380.0,9.416666666666666,149.82632314123538,281.94764873424805,282.8650271574792,190.05933343837899,2666.6666666666665,4.833333333333333,0.006645056905186503,0.0040394143664539495,4.814296260468905,1,1,1,0,354.9023857526882,455.1090877234278,27.071532649139503,17.063052265939653,33.20859218904418,425.67674731182797,29.432340411599853
257912751,400.5531629005016,14.890372960761894,-20.301513652347207,1490.909090909091,3264.0,-1054.4313725490197,-2432.0,360.5,3.25,136.21680816682695,291.0734877460594,282.5205551678715,161.84218300789337,2282.6666666666665,5.0,0.003927359465360755,0.007712345080334357,3.876381256278438,1,1,1,0,351.2850796568627,426.4875116950075,16.256045603218464,-27.848635879326576,33.702532371075684,409.3333333333333,17.154178361674212
257913281,396.9687497331554,32.393270694243135,-17.84182121619215,1460.5859872611466,4224.0,-1192.7272727272727,-3200.0,400.25,3.3194444444444446,106.2144447854648,283.4269152587018,282.28904515649276,154.20871784931975,1194.6666666666667,5.166666666666667,0.0037444436772804774,0.007017211279427275,4.064950719705028,1,1,1,0,381.0520050125313,419.3377428168774,36.742576457170955,-23.586831389172428,46.55815569048914,375.2368421052632,44.1009007116142
257916443,360.95139807425517,31.104648181105322,-19.624228816942782,1805.2231404958677,4864.0,-879.3142857142857,-2176.0,380.5,3.661111111111111,120.54136110310844,282.1327863851149,282.10943247955333,142.44373745651737,2048.0,6.166666666666667,0.004190648524842764,0.006196710314000965,5.338155868911752,1,1,1,0,379.6052405498282,399.8672439649774,22.226352464773235,-30.129551067139836,38.91818767953818,362.7594501718213,37.10779379315608
257917043,343.10930047308136,24.498578482332192,0.650474099578467,1920.0,3072.0,-1485.7142857142858,-2752.0,330.25,0.9305555555555556,135.71640700312722,284.78382085235705,282.1976533880051,109.98621311050096,981.3333333333334,14.166666666666666,0.005869041048576485,0.0059601194321935716,5.869975721607769,1,1,1,0,329.98958333333337,430.42019834776266,49.73630120252883,0.15851623728312572,49.74993325541433,410.6875,19.732698347762664
257921029,335.0850910446699,34.49483286632285,10.453791860777782,1930.0740740740741,4608.0,-1174.3030303030303,-3136.0,380.0,1.65,135.17380484830107,283.07777906672726,282.4466158677641,96.86447173411001,938.6666666666666,15.666666666666666,0.005685783808502138,0.006835208688581938,6.168925717667949,1,1,1,0,357.5590277777778,401.8512421917488,54.03014964721079,16.321578906941536,56.77731021905171,367.2037037037037,34.647538488045086
257916790,428.5793776906415,28.95260979179056,-10.33899425124343,1507.3939393939395,5376.0,-1312.3809523809523,-2240.0,380.25,9.216666666666667,102.2166483430278,283.00003382932596,223.15645261118266,165.2398299012614,1621.3333333333333,19.166666666666668,9.58461570559053e-06,0.005268563020164182,4.2073923708026735,1,1,1,0,367.3615814426007,444.1480143063136,30.190024079115965,-11.327380324251406,36.31677244232558,411.7839958158996,32.364018490414026
257911186,344.3296459084317,32.86720965018827,19.418091509354202,2255.0588235294117,3712.0,-1630.3157894736842,-6400.0,320.25,0.7666666666666667,131.98036117769954,280.7287485305139,282.45284086978705,157.94595166718685,2944.0,4.333333333333333,0.00677246008584896,0.005342418618328556,6.883573942397471,1,0,1,0,320.0544871794872,385.97444959406226,55.384315931186045,29.282972025917523,62.692300797875646,347.03846153846155,38.93598805560072
257913976,388.7666873055783,7.1876341717768675,-7.477856665362291,1961.4814814814815,4352.0,-1832.126984126984,-3392.0,400.25,0.9138888888888889,260.7220097015997,274.96489116124155,274.50350443920905,172.12718523968778,1962.6666666666667,4.0,0.003641074980825542,0.0033486540837407127,5.170865065416911,1,1,1,0,399.2222222222222,451.4040820200512,8.234014348560779,-9.640612274625248,12.812016713254174,444.22222222222223,7.181859797828963
257927846,328.20531275281417,21.565249196690523,-2.8738859320806522,1960.2051282051282,3584.0,-1177.2867132867134,-2240.0,1073.0,1.1472222222222221,82.49200605209178,198.47522587449185,283.1417179340371,132.4864206195794,1024.0,22.166666666666668,0.006407900158587111,2.484633577205975e-06,5.671637361822093,1,0,1,1,103.37953367875647,344.1835396745199,19.27781611596986,-3.35432290798398,31.19811498455289,312.8095238095238,31.374015864996124
257918163,372.5391974406202,35.3027441384579,9.361918935582464,1880.073394495413,4096.0,-1183.0,-2112.0,350.75,1.2833333333333334,134.3975884233644,283.79891416504694,281.2129038174376,105.46512402011612,192.0,3.5,0.005453183802280258,0.006994341509186965,4.933625442376676,1,1,1,0,347.62291666666664,483.95236261699586,59.983673684992546,14.795960959437481,62.14787736235796,527.825,-43.87263738300419
257911451,336.04456856364345,1.5480027076976217,-12.177406014067431,1602.9357798165138,3392.0,-824.5581395348837,-1536.0,360.0,1.15,148.16647721232792,281.5903058476377,278.21781750561087,168.09164464967623,1109.3333333333333,4.833333333333333,0.00344586482204428,0.0041246536226977795,4.3813631576307746,1,1,1,0,329.97395833333337,429.7223160490891,2.735672006845553,-20.408612320577863,20.6224289806332,417.5416666666667,12.180649382422416
257926287,377.66987244884336,24.106893056965006,-12.678963763307827,1932.6942148760331,4480.0,-1221.788944723618,-4096.0,400.5,3.2777777777777777,102.90796811641172,283.1325972128551,282.5993270758805,139.41820712229796,1557.3333333333333,4.166666666666667,0.003957229278292923,0.006188459468190253,5.285120231422889,1,1,1,0,399.8553921568627,417.568907315008,28.126874815596924,-16.460973238425016,34.90590942854587,384.48161764705884,33.087289667949165
257912220,377.3124709484429,30.60540828781264,-5.090783992687987,1290.993865030675,3008.0,-1347.5555555555557,-1920.0,380.5,2.2333333333333334,98.42679859407797,282.128196093636,265.8254700532381,97.29661768025242,981.3333333333334,4.666666666666667,0.0019276034065807803,0.005799592731949751,3.7332481771249135,1,1,1,0,363.67342342342346,423.5942491067192,36.69687809936545,-6.274799708001015,39.47631982619056,414.0382882882883,9.55596081843089
257920440,446.8758394666027,36.13495278322641,13.395751280074657,2251.3333333333335,4864.0,-1654.6666666666667,-5312.0,380.5,2.9805555555555556,119.16254098518309,275.6935015579238,290.64907223787105,86.20020050328739,426.6666666666667,3.3333333333333335,0.009859251072873223,0.0036588467066918794,5.190144565582826,1,1,1,0,377.25241545893715,480.44435045449876,43.130930344684224,15.470365139149662,49.6593598146819,520.0954106280193,-39.651060173520534
257912057,429.3288439328303,25.042637159014202,-19.984106126874494,1469.0133333333333,3456.0,-1176.2424242424242,-2176.0,370.25,2.6666666666666665,130.90975070090155,282.2425816927567,284.0331512473499,95.89676304777912,85.33333333333333,23.0,0.0067924487763985995,0.0036216680620697987,3.335432308064907,1,1,1,0,370.0019841269841,487.9350382425987,33.77287350238349,-31.968853390271224,48.10224507926666,533.0674603174604,-45.132422074861665
257925989,337.84168951640453,27.36436679788232,19.221388627693816,1579.3385826771653,3264.0,-1213.4252873563219,-4608.0,340.25,1.2166666666666666,140.04522817113286,281.0172774365413,281.8200315060602,165.9414654866986,3200.0,5.166666666666667,0.006636042923884152,0.005766027651009649,4.390797049101376,1,1,1,0,340.0019841269841,429.1243141064926,45.2141502409419,27.149414778673577,53.17166741619269,400.9761904761905,28.14812363030211
257923962,439.2900135017352,22.413193271236494,7.552306698333176,1378.848167539267,3328.0,-784.7619047619048,-1344.0,400.0,13.916666666666666,137.74010343106582,280.00041471990306,284.5232290712533,181.3611660343686,2261.3333333333335,4.5,0.007320623957947521,0.003816503528931523,3.896722645557446,1,1,1,0,371.517302852349,445.5674994779048,23.243664155360367,8.01571189606905,35.84081281657275,422.5246434563758,23.042856021528962
257924717,506.96851200368906,33.41353539497495,24.8373491617619,511.8655462184874,4096.0,-1342.6666666666667,-3200.0,410.25,7.983333333333333,127.7357620503065,277.85856069710786,281.49271638615653,155.06454832622288,2496.0,4.166666666666667,0.0037046519588590718,0.005239451851816224,0.9151837613178153,1,1,1,0,410.00321074138935,521.9729377428577,29.272833127987848,26.06277937537939,43.35035472440887,561.2802101576182,-39.30727241476052
257919816,370.0064922233569,25.794353233894913,-14.303654401840905,1513.048275862069,3264.0,-1067.868544600939,-2176.0,380.25,3.7583333333333333,103.81306970532162,275.8349748164095,281.0188291721892,172.51182305629504,1898.6666666666667,7.0,0.004568507203296362,0.003274553454930898,4.336924506296084,1,1,1,0,368.53709677419357,408.269495305188,28.737197821471433,-17.96952435025039,35.45141605053312,373.81290322580645,34.45659207938155
257922992,358.18555901682504,25.65780870634624,-19.44269204358953,1738.5785123966941,3776.0,-996.2666666666667,-1728.0,360.5,3.1333333333333333,167.59974590142522,222.93119068741817,280.5755057342978,141.00629407956978,2154.6666666666665,4.833333333333333,0.004316169625164658,6.910102460155028e-05,5.005901389682086,1,1,1,0,359.14254385964915,403.1461435712256,28.981044318590584,-24.214298578855406,39.17085023612871,365.7266081871345,37.41953538409109
257915967,391.7654322728426,35.86993536527156,4.755190672936523,1810.5263157894738,4352.0,-1138.3333333333333,-2496.0,1020.0,1.7166666666666666,181.8573665068752,282.38071661791713,280.00152325324143,100.03207006739889,-42.666666666666664,21.166666666666668,0.004856785748266457,0.00679960474829978,4.8726362756439014,1,1,1,0,346.9797619047619,465.7467049577946,62.8935061417207,7.0709375301852235,63.58874471745515,490.83809523809526,-25.091390280300686
257927304,272.2198083198857,17.996675233825236,0.6675996118880093,2309.3333333333335,4608.0,-1040.4102564102564,-1920.0,150.0,0.48055555555555557,136.3850267835063,283.09664323315604,282.3370239774205,149.79797730155374,2176.0,3.8333333333333335,0.005675221311166633,0.00668125963788638,9.911301859799714,1,0,1,0,149.99583333333334,319.3641716889591,27.476193354487354,-2.880635179226115,27.639788333851353,297.9,21.46417168895914
257910375,362.7399160566708,37.945753551765755,-17.370090416754245,1941.3333333333333,4544.0,-1275.047619047619,-5120.0,360.5,1.5833333333333333,126.67449843736895,283.609199301304,284.30038698725656,164.57108257630276,2474.6666666666665,3.8333333333333335,0.006311771095295081,0.006741050742327636,6.062951622780159,1,1,1,0,359.40725806451616,399.78423650874925,44.69190727830685,-23.76917286607313,50.773368105148556,349.2903225806452,50.493913928104064
257926681,264.28924316383274,11.875538966332195,-2.9514306841704543,2377.1428571428573,3584.0,-1098.1978021978023,-3008.0,180.25,0.75,101.99106823917856,280.0708995620329,282.33957702848386,111.78070548635539,789.3333333333334,12.666666666666666,0.005673330821967647,0.005441546137794753,8.316534777176178,1,0,1,0,69.17391304347827,266.4556829802945,11.86653182893567,-2.5666586708898373,20.20885170715937,275.16470588235296,-8.70902290205845
257922600,375.54533322710716,38.41232116846976,5.269433487258624,1658.0143884892086,4096.0,-1326.857142857143,-3200.0,390.75,2.1166666666666667,114.103997547417,281.41103358520513,283.066205146652,103.31529600133673,85.33333333333333,4.5,0.006729491797399495,0.006846352683017006,4.980851523665442,1,1,1,0,385.87842465753425,408.14216185523316,47.168241010888,4.971428800081045,48.51318255400513,380.9840182648402,27.158143590392967
257920869,488.5147409246988,32.39559268434009,27.849539698802968,1851.2592592592594,4032.0,-1514.2222222222222,-3072.0,370.25,7.833333333333333,133.96631422829773,281.41348621258453,265.20737983264996,98.487426910186,192.0,17.666666666666668,0.0008219133585152659,0.005017195473664497,4.053194939993513,1,1,1,0,360.7230273752013,499.86007837788134,34.04844602514659,31.716452298799993,52.33713503110026,541.597423510467,-41.73734513258569
257925822,381.4971463042468,9.522538924158132,-2.102865371377174,2284.435233160622,4160.0,-1059.6571428571428,-2880.0,340.5,1.8166666666666667,177.13107234953122,280.27268483575125,284.649705085093,143.66718535363117,2069.3333333333335,4.166666666666667,0.0067382108476330225,0.005262869149888556,6.299774240562399,1,1,1,0,340.0904471544716,443.395090223598,9.756058688740257,-3.661719330702301,11.486020423841913,434.7845528455285,8.610537378069523
257923861,503.5920570905819,36.0407478972739,29.134675288506642,649.6083550913838,3648.0,-1544.2051282051282,-3072.0,410.0,8.363888888888889,113.11382410187986,281.71879415349406,272.350371147786,176.43873671633494,2197.3333333333335,4.5,0.0009559906367437512,0.006394037605836184,1.203061326873165,1,1,1,0,391.1377086494689,521.862186563133,41.352687162443104,19.286057374541038,49.747364684910636,561.4711684370258,-39.60898187389273
257924044,317.09495241239364,19.211496794866296,-7.6817966591274605,2775.703703703704,4160.0,-1216.927536231884,-3584.0,290.25,0.75,132.80171150715867,266.7349407381077,265.1556721517697,145.0415618514982,2965.3333333333335,3.3333333333333335,0.0016183890242496334,0.0016215804472139838,7.525253539512,1,1,1,0,289.9791666666667,398.3300067436607,35.85701182918786,-16.37287711055771,39.43922417565296,435.23333333333335,-36.903326589672645
257925925,380.1386886285236,31.903242190269815,7.682527071517491,1650.5507246376812,3840.0,-1597.9084967320262,-4352.0,390.75,3.1638888888888888,93.11307049813578,213.7796310167041,213.0183808313198,101.29978202700057,277.3333333333333,13.833333333333334,1.2464490902624916e-05,2.1053175705037095e-05,4.852699305466786,1,1,1,0,387.52099116161617,414.0936167406169,34.441499040776144,8.462413710817378,39.62590784916833,389.5989159891599,24.494700751457003
257924626,424.7676253355168,26.023184621691414,31.147102202973446,1487.179487179487,5504.0,-1403.3777777777777,-4096.0,400.25,8.213888888888889,136.30810175373685,261.2820048972083,282.9673330319171,174.98220619242375,2602.6666666666665,5.0,0.006903878958050029,0.00060639067954508,4.428748687601413,1,1,1,0,379.88058121632025,438.8426491337937,25.962050338127735,34.127855527285575,46.448183522239404,402.99730561970745,35.84534351408627
257927002,375.632419684179,35.075976994322794,-18.097992269623514,1433.6,2944.0,-1037.7543859649122,-1792.0,380.0,3.85,205.52599862954517,210.14666106699113,281.09634261574297,170.63248169229115,1898.6666666666667,7.666666666666667,0.004503434530057637,2.3989052633837098e-05,4.082886492644314,1,1,1,0,360.00079365079364,404.855765304657,30.945084613460327,-25.012289465213367,41.154899033250196,365.78809523809525,39.06767006656173
257920309,391.4012379727727,23.561973309398603,-18.522157725616836,1496.863309352518,3136.0,-1818.6666666666667,-5440.0,350.0,1.15,196.5016584052972,279.11576528653757,284.37050417572345,54.42488616712151,-42.666666666666664,5.333333333333333,0.006330710358890833,0.003892596382008901,3.725273938265415,1,1,1,0,348.07692307692304,454.70169571302654,29.7633066746633,-26.65019615736046,40.093477392926566,494.25,-39.54830428697346
257921821,372.32967010166925,32.12829940248994,-16.513336117121103,1533.2374100719423,3264.0,-1104.0,-2624.0,370.75,1.2166666666666666,135.6271211132407,285.3854153106014,283.92075237038756,112.38461704711034,128.0,5.166666666666667,0.006746250041869497,0.0058208469346016966,3.7133448329935703,1,1,1,0,367.1011904761905,463.6926484278797,47.841752092299814,-24.967846888291824,54.15951760592353,501.70238095238096,-38.00973252450126
257924374,289.3250732821947,33.73967507118327,15.408701945324006,2071.912087912088,4096.0,-1310.6666666666667,-5056.0,368.75,1.15,143.84927411807905,218.47397128979117,280.40408389039715,165.57320199161126,3434.6666666666665,4.333333333333333,0.005164913224020999,6.643680265404173e-06,6.876148796498905,1,0,1,0,297.96180555555554,271.5414113061566,47.47391595045599,21.040705818169034,54.782019914440134,232.87777777777777,38.663633528378824
257912226,364.77761107251666,31.005169564839274,-6.671515610189025,1924.7407407407406,4160.0,-1254.6206896551723,-2560.0,370.5,1.0333333333333334,121.59043358545809,279.2127530090922,213.74899193621619,128.24634467387634,618.6666666666666,5.5,1.1295470762040203e-05,0.005409242459080933,4.791443850267379,1,1,1,0,370.02272727272725,447.8300413792622,41.46381420844463,-9.340744691662783,42.546527376800015,479.59090909090907,-31.76086771164688
257913408,373.0362444920752,28.509354756736908,-21.894497232644056,1437.5724137931034,3392.0,-1014.9019607843137,-2048.0,360.5,3.216666666666667,136.60090307100583,285.21183547424994,282.7963170993698,149.09873606612376,1749.3333333333333,8.666666666666666,0.004114915929790903,0.006986684535465493,4.139486853602351,1,1,1,0,359.99636243386243,397.75015470983783,35.039427182916306,-31.299429877851882,48.24261479354281,355.12566137566137,42.624493334176464
257921195,412.4479697238184,14.752994551405777,-12.55611222221167,1796.2314049586778,4416.0,-1294.712643678161,-2624.0,380.5,3.35,125.99567086021547,283.54891079746574,284.03137846729857,157.29798664982255,2602.6666666666665,4.166666666666667,0.007045597234104882,0.005555080907852816,4.90973163458932,1,1,1,0,379.97724780701753,438.7977434352219,14.334468851852217,-13.173017049499018,23.60210177139286,420.2132675438597,18.584475891362217
257918379,323.39397039419947,30.686865961376157,-14.692533861925327,2072.0,4800.0,-1086.967741935484,-4672.0,340.5,1.3138888888888889,117.62649251328709,283.7167056980481,286.02488166959347,97.55719530035736,21.333333333333332,4.5,0.005780291128841285,0.006565095150940164,6.366610120667029,1,0,1,0,215.39127604166669,305.4281093701688,33.906741323467216,-17.246762661556655,47.56866020383501,266.57142857142856,38.85668079874023
257914343,392.81519104155603,31.655188090996514,35.35134204748004,1660.2666666666667,3648.0,-1518.9333333333334,-4224.0,380.0,2.897222222222222,136.75208606174903,290.95895984397345,282.73859163641583,100.19557113789037,874.6666666666666,4.833333333333333,0.006168259113831078,0.009521952780335768,5.0788212501274606,1,1,1,0,360.5136154855643,415.05985003875753,36.85614984369943,41.16192937513984,55.94660028804812,371.0603674540682,43.999482584689304
257925464,387.57008873065496,32.50301986030382,15.069710267091022,1849.6,5056.0,-1799.68,-3968.0,390.5,2.7,267.0171231413916,286.19975694484776,284.23937843983924,151.62674882986317,2325.3333333333335,4.333333333333333,0.007244808228363596,0.004174829287552168,5.712021000077206,1,1,1,0,389.67169540229884,406.37607838453425,35.78329326766525,17.366206775912442,42.22448009975302,374.2701149425287,32.10596344200553
257911740,359.01116147205687,15.823080390630311,-16.914137121559182,1927.633027522936,4160.0,-1184.6881720430108,-2624.0,360.0,1.2166666666666666,140.5088009567916,217.44965716005493,284.7430257860476,95.64875349464165,384.0,4.5,0.00738286344543425,1.1373819440959613e-05,5.010540372967044,1,1,1,0,350.00595238095235,449.71839752495316,24.48761022728708,-27.72366254475549,37.22703663275716,484.1666666666667,-34.448269141713524
257911629,268.97275188083364,19.225843364775077,-7.454022452537114,1932.0,3584.0,-1031.4666666666667,-2432.0,314.75,0.7,139.85809262712834,281.9987020785078,284.3768330250874,156.8676125094613,2496.0,4.0,0.006341828518757871,0.005432512919807299,6.995247793618466,1,0,1,0,166.54117647058825,331.017786221627,24.310753952810302,-8.815837671071465,26.247738389448156,311.5176470588235,19.500139162803464
257917733,391.7726165767652,17.643414196451985,-9.5233047503768,2028.116504854369,3712.0,-1204.808743169399,-2624.0,360.5,3.363888888888889,120.84088566318177,238.7078411460215,280.98382603010947,149.52521346021175,1792.0,3.8333333333333335,0.004387950360752644,4.702770994622489e-05,5.811222076946616,1,1,1,0,359.62229437229433,415.6061783509375,19.330077238170308,-10.202559952016438,22.499510194585344,399.1190476190476,16.48713073188992
257921697,353.34957922029116,37.335636867180256,2.29172384695232,1930.6666666666667,4608.0,-1282.1333333333334,-2368.0,350.25,1.4833333333333334,126.26775781769967,286.3833406702805,223.56859146461937,94.27025102667226,0.0,8.5,9.291428847424697e-05,0.007660171188115178,5.771798704534131,1,1,1,0,330.59714285714284,421.62131976396427,51.811199868547284,2.0395654500174785,52.2724652216868,407.55128205128204,14.070037712682222
257922883,410.10763631713905,31.796079322537164,-14.695622604224509,1562.9473684210527,3456.0,-1328.1975308641975,-3008.0,350.5,1.1666666666666667,131.66502337796743,285.53387962504735,283.3519808303858,85.87440031003496,256.0,4.833333333333333,0.006605195352698925,0.005803722018976059,3.6751175701000673,1,1,1,0,350.00595238095235,491.78922078121843,41.45153257382786,-20.61544141784587,46.450173833928105,536.6349206349206,-44.84569985370217
257922290,405.02793924197886,31.976302133446495,8.953702665826414,1605.3333333333333,3584.0,-1405.9354838709678,-2432.0,380.25,2.6333333333333333,236.18258789992225,287.5209818719876,271.57252813795435,162.6661416724401,2666.6666666666665,9.833333333333334,0.0024071762302864098,0.005429760200236075,4.528443817583451,1,1,1,0,366.1076696165192,424.7863536983602,34.746319275706306,10.927624708394372,40.38364363238646,398.8377581120944,25.94859558626581
257916935,278.83614356489824,7.092322288931151,-0.44112473302787186,1549.150684931507,3072.0,-1067.7333333333333,-2048.0,330.25,0.8666666666666667,164.11788661178943,281.7996353307832,274.0609807359677,157.1282733423527,2304.0,6.166666666666667,0.0030394604418489102,0.003887684866157855,6.957548911037283,1,0,1,0,207.79583333333332,345.86224870942107,10.267924753037127,1.4703900619621728,11.108174318386544,336.51666666666665,9.345582042754415
257926653,301.94984063031376,34.78309897224337,5.567774176110039,1876.2105263157894,5824.0,-1512.96,-3584.0,380.25,1.2166666666666666,151.7797565256162,217.21059173947685,283.1809895922361,144.9328680511512,1898.6666666666667,4.5,0.006720959437700949,9.184303661668873e-06,5.937539905060655,1,1,1,0,380.015625,398.9828139421347,51.707770119000735,5.335269330946585,52.034757462720485,355.28125,43.701563942134726
257918249,320.4294615529111,24.286990764701898,8.660302532416148,2393.1803278688526,4352.0,-1058.4888888888888,-3648.0,290.5,0.95,126.71740430530244,280.23582154726523,272.8749578901125,221.97198945592473,2240.0,3.3333333333333335,0.0036138560079704957,0.006092746833346061,6.247977744489622,1,1,1,0,290.0089285714286,417.6467459465689,45.05551564603706,14.345214520263612,47.379754558027784,444.2261904761905,-26.579444529621583
257914770,299.09563915111767,22.437895862153095,-17.93380916055079,2303.030303030303,4352.0,-1194.6666666666667,-2368.0,310.0,0.8138888888888889,173.57390690471735,224.00888112749496,280.78585179599133,144.6109238845118,3114.6666666666665,3.5,0.005703033956931249,6.178489788613543e-05,7.6133233158026545,1,0,1,0,259.99652777777777,395.5694160472958,27.379632842846757,-21.378140788142417,35.2273533107164,370.7083333333333,24.861082713962503
257915687,421.33840310944606,19.101689776311957,-13.887123882014961,1618.8852459016393,3520.0,-1137.8924731182797,-2816.0,360.25,2.75,148.5467706870674,282.3106763881466,217.39785731794032,168.49862544740995,2517.3333333333335,7.166666666666667,9.625626709984139e-06,0.0035895863707634235,4.320899604016715,1,1,1,0,327.09443631039534,466.12862471082195,23.295618944971075,-19.306593359866532,31.203368139588292,495.32732732732734,-29.198702616505386
257921483,416.69839296856037,42.711495734741824,1.224632239617727,1918.7450980392157,3840.0,-1061.6470588235295,-3008.0,370.0,1.8305555555555555,138.03522211260764,281.20095123483475,281.70792036287247,153.56068776522778,2752.0,3.3333333333333335,0.0057531764610566334,0.004649623295591223,4.847115932337717,1,1,1,0,348.9375,485.05530634186147,58.12242370883295,3.6615668455806243,59.41070115065255,525.330459770115,-40.27515342825353
257912169,421.25603436234746,25.510637143487823,-20.105479670779932,1307.5555555555557,3584.0,-1079.8431372549019,-2496.0,353.25,2.4166666666666665,160.45460042481804,282.50139343706655,230.73877066422747,91.20990668261592,192.0,21.833333333333332,0.00017371207708405048,0.0038829102736951046,2.9960696952820434,1,1,1,0,319.42642045454545,481.0408819910653,33.76792543676334,-32.13166586534374,48.501372927562414,527.2714285714286,-46.230546580363296
257915017,394.5136435459474,36.11588239779199,-14.186556269316377,1607.111111111111,2880.0,-1577.6969696969697,-4032.0,350.25,1.0666666666666667,143.66546320830008,284.3637788022942,283.958035749582,57.12191228960576,-42.666666666666664,5.0,0.00672686434428228,0.005816754120623672,3.865755412164484,1,1,1,0,349.9934210526316,486.1319007099489,55.786018236405354,-23.196407760097696,60.58113296094945,546.5964912280701,-60.46459051812121
257917574,405.6429141434734,39.49757811105041,-0.902441485747185,1695.7355371900826,3648.0,-1130.3434343434344,-3456.0,1161.0,1.3333333333333333,149.61325891012925,283.8055562515474,281.78746493897967,168.34455404104537,2090.6666666666665,5.0,0.006663916027094562,0.005125215436700662,3.9565745579359417,1,1,1,0,349.45524691358025,505.61210697998206,63.90426638773017,-0.9886233623627662,64.45594876040569,566.2962962962963,-60.684189316314246
257913417,429.81153912488696,27.430193604882593,-21.634959739139727,1327.111111111111,3136.0,-1313.471264367816,-3840.0,359.75,2.2,166.32022505952048,282.2777163845559,282.04943138564875,116.21890796801199,1088.0,12.0,0.005874652376050909,0.003908146938341008,2.996722648225682,1,1,1,0,347.9098173515982,487.4766265705039,35.677033614091364,-33.15770287612179,49.999830388593814,534.0704225352113,-46.59379596470734
257926290,379.40321958406935,29.2992486228554,-14.032685370445956,2083.438016528926,2752.0,-1143.2156862745098,-2112.0,381.25,4.066666666666666,147.2341370932554,283.61207768722574,273.6281325658331,183.88412045238735,2261.3333333333335,3.6666666666666665,0.003073851153862434,0.007160559500984095,7.453169347209082,1,1,1,0,369.1636405959032,405.2851065740493,30.412443729797577,-18.848011948110823,39.13634038553283,369.23277467411543,36.05233189993385
257925807,312.6414187130397,19.896510792286076,2.5743827026574078,1988.8484848484848,3264.0,-1132.121212121212,-2816.0,230.0,0.7166666666666667,159.68874101826793,241.54788448090443,261.0095798640689,162.79936255799976,2474.6666666666665,5.5,0.0003790115063841055,0.0001313277016819237,6.218979485478751,1,0,1,0,197.76639344262293,389.7069919660336,31.723181698541897,1.6176245209708127,33.359432967061366,358.3859649122807,31.321027053752914
257921026,360.28352409810697,24.58593015339002,-19.640842683546396,1744.6299212598426,3520.0,-946.2222222222222,-1920.0,380.25,3.1166666666666667,209.35645989535246,231.9747543933398,282.0285009366154,168.68093094777618,2538.6666666666665,7.166666666666667,0.004296628810924514,0.000208642525258101,5.306890852913703,1,1,1,0,371.4669715447154,403.5833631517647,24.299757466161083,-23.721519817874317,36.16221524213001,371.390243902439,32.19311924932566
257922096,396.5920067480482,17.947656452746322,-19.780685081204822,1561.7007874015749,3904.0,-1157.8181818181818,-2944.0,330.5,1.9166666666666667,163.05279743659213,280.17199788899086,279.7923863317836,169.62487268067724,2752.0,4.333333333333333,0.0059236515022094965,0.00390963012749717,3.7254592584244337,1,1,1,0,330.0053879310345,458.1546638897748,23.121309850185206,-29.792301976136105,38.100352436092834,489.2514367816092,-31.096772891834405
257911490,364.5967335298328,34.51767060725996,0.07898527968666028,2149.2747252747254,5248.0,-1308.549019607843,-4160.0,400.25,2.3333333333333335,157.12308076799164,218.5955979056639,269.5483456037953,200.6555952022232,2624.0,3.0,0.003437833056046457,5.889409437820958e-06,6.8022119431015895,1,1,1,0,399.6703296703297,407.65671929885735,38.87446962843082,0.029178206121028054,39.780736093567796,378.74908424908426,28.90763504977309
257912729,395.04145305369184,22.114880938792556,-18.078657694700045,1512.2424242424242,3904.0,-1215.6190476190477,-2816.0,340.25,2.283333333333333,65.01450364014548,285.57826114934727,285.8538784705254,107.38572872745034,42.666666666666664,7.833333333333333,0.0070018151155962025,0.00580120694840972,3.849429188522061,1,1,1,0,340.00104166666665,451.28011640093223,25.00964942564436,-23.775855597185615,35.94690953542542,452.403125,-1.1230085990677594
257918363,209.04470940407677,13.033660046774568,-0.9540675140988054,1633.5238095238096,2752.0,-862.4761904761905,-1984.0,330.0,0.7333333333333333,99.01096643415127,281.67757270294436,282.1804589260873,101.24322450161102,874.6666666666666,20.833333333333332,0.006202986354540291,0.005698179859249906,8.062044653349002,1,1,1,0,214.80882352941174,,33.147208991124536,-15.318615182024299,39.877141220841914,,
257927914,297.03587105139655,28.903229050439297,-15.637004056639226,2092.9523809523807,4416.0,-956.5591397849462,-1664.0,300.25,1.4805555555555556,116.3267023136588,283.58795107060604,284.6795072944567,153.13712709804526,1962.6666666666667,3.6666666666666665,0.006198800817290262,0.0066324382561184165,6.90634820867379,1,0,1,0,178.1183712121212,287.79476052887446,30.94163183178034,-20.646901984763556,48.14960607129447,251.6780303030303,36.11673022584415
257920161,451.89629564588944,33.17203365090336,14.598697893036368,2223.8241758241757,3904.0,-1176.7619047619048,-3584.0,340.25,2.3,132.32768809812833,282.4098058627995,289.6298437709232,88.08423293412501,21.333333333333332,4.166666666666667,0.009834278986894086,0.0062796101109719735,5.598472902315545,1,1,1,0,339.7836021505376,495.47608672401765,37.66522875812478,20.23874637007097,45.55015996809647,536.4399641577061,-40.963877433688424
257910695,382.92650538025174,44.95761288543817,-3.4921253153979417,2057.3203883495144,4352.0,-1803.1746031746031,-3648.0,390.5,2.6333333333333333,131.97552806821025,282.28156421760355,280.0859402202559,206.06853123441763,3840.0,3.5,0.0049351158034675185,0.0060941359822520875,5.68885070740154,1,1,1,0,383.07097457627117,397.0894834434214,51.399565158200794,-5.523388205223058,53.95961305796237,348.26553672316385,48.82394672025754
257923674,356.9234018735924,32.619713457722554,-18.118758771422005,1327.6942675159235,3456.0,-1055.3725490196077,-1984.0,350.0,1.6166666666666667,160.84221845947962,284.9406776815314,284.7725672788156,136.09110488257727,1536.0,4.833333333333333,0.006143423305243609,0.00741257425941644,4.231501593552709,1,1,1,0,350.0,416.2164542199791,43.00661218840387,-22.952819200025637,48.83777682783303,384.2536231884058,31.962831031573273
257922338,385.0809873176869,29.11292417023716,-18.3879800466388,2014.1176470588234,4352.0,-1489.4035087719299,-2560.0,290.25,0.75,132.29150278201274,284.20834164454465,281.24942265090976,147.5797586292517,2090.6666666666665,3.6666666666666665,0.005973382134702692,0.005818840229262855,5.209347614410905,1,1,1,0,289.9621212121212,488.1259690786072,49.08593484436524,-35.602287198600365,60.689498597551555,544.8030303030303,-56.67706122442303
257920455,377.67905030977727,28.96552130504174,-1.3075253469732684,2505.6438356164385,4480.0,-1438.2933333333333,-4416.0,360.5,3.1666666666666665,107.26423656148388,283.16412731295065,260.6774138635331,182.1795164365617,2645.3333333333335,3.1666666666666665,0.0015962729434546516,0.00694924316482374,6.995257763500077,1,1,1,0,359.75880281690144,395.3174803126708,28.761626812228148,-2.1501279171641063,30.746649036534055,379.94835680751174,15.369123505159052
257919304,487.01546259997315,13.390103073404998,-12.199535674616419,1808.313725490196,3200.0,-1401.9710144927535,-2688.0,320.0,10.347222222222221,155.45756132715326,297.63243277960896,283.176043183975,191.58817818958877,2944.0,6.0,0.0067354563025742034,0.005356014038054019,4.79571514001196,1,1,1,0,315.9579030407344,496.93901340863596,13.555887640699675,-13.02409379116137,27.520268470200865,505.81612162937466,-8.877108220738705
257926906,364.14357478947835,25.90263306367978,17.91189649992787,1399.361963190184,3456.0,-1240.4705882352941,-2176.0,390.25,2.5,131.09295195961735,289.40437026900287,285.08947367226,117.68305381008332,832.0,4.833333333333333,0.0071901274048207925,0.009497816514168802,4.332966072717602,1,1,1,0,385.9090909090909,403.97301453907573,28.760189341994934,21.878572485069093,36.76654779051427,368.2594696969697,35.713544842106046
257923213,511.8463939017619,53.81033257302364,27.758785574505826,1491.3381294964029,4096.0,-1281.032258064516,-3840.0,370.0,7.116666666666666,136.49780429786588,279.58887844115327,263.91996535044194,169.8323982096356,1813.3333333333333,5.333333333333333,0.0005906206509808744,0.005677186882783375,2.9374938003939404,1,1,1,0,364.54245071684585,532.990180903601,56.71171995580138,30.60506170777078,64.73647871457304,596.9301075268817,-63.93992662328071
257925607,475.17712696250493,33.10253795061296,20.64259394223178,1281.0607734806629,3712.0,-1219.784946236559,-2880.0,390.25,6.95,136.87366815610397,209.46246229268124,260.0216851271282,150.12024661762726,2389.3333333333335,4.5,0.0006177461802428519,2.0747262518114787e-05,2.522596227071955,1,1,1,0,389.3109990393852,496.5215245535831,33.08224307226541,21.60423938644039,41.96310939528706,530.3378962536023,-33.81637170001915
257916496,440.167590950151,18.22239127596537,21.9101595697082,1656.3809523809523,3904.0,-956.6315789473684,-2432.0,380.25,9.383333333333333,134.63139140097107,263.34077472609374,281.81078241459153,100.83621538926779,-21.333333333333332,21.5,0.005695169275911658,0.0005647940031682498,4.775725955927782,1,1,1,0,370.39281204906206,459.16041365641627,17.09721442579868,26.05284694249394,39.915593041291736,430.8481240981241,28.31228955829215
257923756,430.19842648939283,19.449290432960986,5.227270775461545,1307.047619047619,3392.0,-1217.4414414414414,-2816.0,380.0,10.083333333333334,137.70499596753734,267.71637504025796,283.223519593301,104.12801892379164,64.0,18.5,0.006459115058515699,0.0009698426218830317,3.9609646986669556,1,1,1,0,363.2795454545454,450.4196462299733,13.03257508833263,6.789685326443872,18.07983178711578,441.45416666666665,8.965479563306644
257922938,424.52528809189386,23.54477197466967,-21.359934765132646,1555.3015873015872,3776.0,-1547.5942028985507,-4352.0,370.5,1.3,141.79518085414,282.77793817584245,216.89736469588416,155.07902330669225,1685.3333333333333,9.666666666666666,1.0886856821574712e-05,0.005266046019329413,3.4761507760532147,1,1,1,0,342.606783919598,495.63400050662085,28.865070627458298,-29.564732431955232,41.745891057456454,535.6041666666666,-39.97016616004578
257914773,417.20772069882247,14.641482177300619,-12.819262338828935,1258.4049079754602,2944.0,-1028.036036036036,-2304.0,805.0,3.0166666666666666,138.2167967093532,288.0074533996747,284.8263756381916,164.31780779392335,1088.0,5.666666666666667,0.006021852822210177,0.007847939347317473,2.9482701622755956,1,1,1,0,348.30369971264366,461.89840962115295,14.4151539218833,-16.18341015169158,27.74941670337336,483.1113505747126,-21.212940953559666
257914831,401.3841303537889,15.903349085209777,-22.972778915073665,1459.0144927536232,3008.0,-1227.7701149425288,-3712.0,360.5,3.216666666666667,146.34643889656678,290.4533319117458,282.11595228799587,154.9596842320773,1258.6666666666667,5.166666666666667,0.004091918697475015,0.007281262699845603,3.7661142493733872,1,1,1,0,359.6731582125604,422.9666031805564,18.07602480304805,-30.487910942878194,36.67968733149656,403.65277777777777,19.313825402778605
257923939,295.33601017469107,4.871387742803091,-6.040362784767672,2950.981818181818,4288.0,-861.5619047619048,-1216.0,280.0,0.9,169.32877234934503,281.878263440842,275.25954510344314,168.5572289445693,2496.0,3.6666666666666665,0.003694949340875945,0.004004405229195718,10.736521796652774,1,0,1,0,255.95,354.48436749600035,3.7991897956927514,-10.782623339056755,11.994690642608143,348.06666666666666,6.417700829333683
257917731,424.7456212665612,24.825432175930374,-21.825124714477415,1376.4266666666667,3328.0,-1230.7956989247311,-4480.0,350.5,2.316666666666667,164.5391284977055,282.664368045581,219.93805508122517,103.95435043530131,149.33333333333334,20.833333333333332,7.037767921934833e-05,0.003850808765604029,3.2462893081761006,1,1,1,0,339.1462765957447,482.8965637634176,32.304678386993,-32.326343357800724,47.54201434766999,524.4477611940298,-41.551197430612206
257927799,406.1290207644857,26.14600013906704,-26.915553322373494,1600.0,4352.0,-1480.96,-2688.0,360.0,1.1833333333333333,237.8169428084413,276.48518159947946,237.68277672944777,152.90601341209873,1344.0,11.0,0.0001691409266510135,0.005099950738555152,3.714143591444205,1,1,1,0,320.9149659863946,485.88012294476493,35.67026626527146,-35.625794641892895,50.87961772933984,536.675925925926,-50.795802981161046
257916285,396.97585166159115,39.528280909518045,2.3482004829243226,1739.1746031746031,4096.0,-1098.9714285714285,-1984.0,370.25,1.8305555555555555,139.07040219317273,281.33229027263997,281.8959592747831,12.111559399435826,0.0,16.666666666666668,0.006241202134706549,0.004610003677184705,4.274656679151061,1,1,1,0,365.0326086956522,492.38965874194906,60.793315921319724,3.7970941467104855,62.08419883792716,542.9484126984127,-50.55875395646359
257927239,399.05607238375063,35.36332998001897,9.760599480297682,1523.3057851239669,3328.0,-1473.0666666666666,-5120.0,310.25,1.1,140.63760745363382,284.10111803766125,282.95006416632805,141.70390012138375,2560.0,6.333333333333333,0.006718092664080902,0.006980495772550661,4.386691417963729,1,1,1,0,310.0048076923077,479.50021402826764,52.21380340299124,13.457103721862183,54.132841534574794,499.47435897435895,-19.974144946091315
